cv_2,D67,,Line,""
cv_3,158E,,Line,""
cv_4,1590,,Line,""
cv_5,1593,,Line,""
cv_6,15F4,,Line,""
cv_7,15F9,,Line,""
cv_8,1620,,Line,""
cv_9,16AF,,Line,""
cv_10,16C5,,Line,""
cv_11,16C8,,Line,""
cv_12,180B,,Line,""
cv_13,D67,,Line,""
cv_14,1559,,Line,""
cv_15,158E,,Line,""
cv_16,1590,,Line,""
cv_17,1593,,Line,""
cv_18,15F4,,Line,""
cv_19,15F9,,Line,""
cv_20,1620,,Line,""
cv_21,16A7,,Line,""
cv_22,16AF,,Line,""
cv_23,16C5,,Line,""
cv_24,16C8,,Line,""
cv_25,16E5,,Line,""
cv_26,1779,,Line,""
cv_27,1794,,Line,""
cv_28,17A4,,Line,""
cv_29,17BB,,Line,""
cv_30,180B,,Line,""
cv_31,184B,,Line,""
cv_32,1932,,Line,""
cv_33,1941,,Line,""
cv_34,1959,,Line,""
cv_35,195D,,Line,""
cv_36,D54,,Line,""
cv_37,D55,,Line,""
cv_38,D56,,Line,""
cv_39,D59,,Line,""
cv_40,D5A,,Line,""
cv_41,D5C,,Line,""
cv_42,D5D,,Line,""
cv_43,D5E,,Line,""
cv_44,D5F,,Line,""
cv_45,D61,,Line,""
cv_46,D68,,Line,""
cv_47,D7E,,Line,""
cv_48,D80,,Line,""
cv_49,D81,,Line,""
cv_50,D82,,Line,""
cv_51,D83,,Line,""
cv_52,D84,,Line,""
cv_53,D85,,Line,""
cv_54,D86,,Line,""
cv_55,D87,,Line,""
cv_56,D88,,Line,""
cv_57,11B6,,Line,""
cv_58,1256,,Line,""
cv_59,1257,,Line,""
cv_60,125F,,Line,""
cv_61,128E,,Line,""
cv_62,12A0,,Line,""
cv_63,12A1,,Line,""
cv_64,12A6,,Line,""
cv_65,12A9,,Line,""
cv_66,12AB,,Line,""
cv_67,12AC,,Line,""
cv_68,12AF,,Line,""
cv_69,12B0,,Line,""
cv_70,12B1,,Line,""
cv_71,12B6,,Line,""
cv_72,12BA,,Line,""
cv_73,12C0,,Line,""
cv_74,12D6,,Line,""
cv_75,12D7,,Line,""
cv_76,12D8,,Line,""
cv_77,12DA,,Line,""
cv_78,12E0,,Line,""
cv_79,12E3,,Line,""
cv_80,12ED,,Line,""
cv_81,12F1,,Line,""
cv_82,12F3,,Line,""
cv_83,12F4,,Line,""
cv_84,12F8,,Line,""
cv_85,12F9,,Line,""
cv_86,1303,,Line,""
cv_87,1304,,Line,""
cv_88,14C4,,Line,""
cv_89,1564,,Line,""
cv_90,156B,,Line,""
cv_91,1574,,Line,""
cv_92,1579,,Line,""
cv_93,157A,,Line,""
cv_94,157E,,Line,""
cv_95,157F,,Line,""
cv_96,1580,,Line,""
cv_97,1581,,Line,""
cv_98,1582,,Line,""
cv_99,1586,,Line,""
cv_100,1588,,Line,""
cv_101,1589,,Line,""
cv_102,158B,,Line,""
cv_103,1591,,Line,""
cv_104,1594,,Line,""
cv_105,1595,,Line,""
cv_106,1596,,Line,""
cv_107,1597,,Line,""
cv_108,1598,,Line,""
cv_109,1599,,Line,""
cv_110,159A,,Line,""
cv_111,159D,,Line,""
cv_112,159F,,Line,""
cv_113,15A7,,Line,""
cv_114,15A8,,Line,""
cv_115,15AB,,Line,""
cv_116,15AC,,Line,""
cv_117,15AD,,Line,""
cv_118,15AE,,Line,""
cv_119,15AF,,Line,""
cv_120,15B0,,Line,""
cv_121,15B1,,Line,""
cv_122,15B2,,Line,""
cv_123,15B5,,Line,""
cv_124,15B6,,Line,""
cv_125,15B7,,Line,""
cv_126,15B8,,Line,""
cv_127,15BB,,Line,""
cv_128,15BD,,Line,""
cv_129,15BE,,Line,""
cv_130,15BF,,Line,""
cv_131,15D6,,Line,""
cv_132,15D9,,Line,""
cv_133,15DE,,Line,""
cv_134,15E0,,Line,""
cv_135,15E1,,Line,""
cv_136,15F2,,Line,""
cv_137,15F5,,Line,""
cv_138,15F6,,Line,""
cv_139,15F7,,Line,""
cv_140,15FA,,Line,""
cv_141,15FC,,Line,""
cv_142,15FD,,Line,""
cv_143,15FE,,Line,""
cv_144,15FF,,Line,""
cv_145,1600,,Line,""
cv_146,1601,,Line,""
cv_147,1602,,Line,""
cv_148,1603,,Line,""
cv_149,1614,,Line,""
cv_150,1617,,Line,""
cv_151,1618,,Line,""
cv_152,1619,,Line,""
cv_153,161A,,Line,""
cv_154,161B,,Line,""
cv_155,161C,,Line,""
cv_156,1622,,Line,""
cv_157,1625,,Line,""
cv_158,163C,,Line,""
cv_159,163D,,Line,""
cv_160,163F,,Line,""
cv_161,1644,,Line,""
cv_162,1645,,Line,""
cv_163,164F,,Line,""
cv_164,1650,,Line,""
cv_165,1657,,Line,""
cv_166,1667,,Line,""
cv_167,1668,,Line,""
cv_168,1669,,Line,""
cv_169,166B,,Line,""
cv_170,16B1,,Line,""
cv_171,16B5,,Line,""
cv_172,16B6,,Line,""
cv_173,16B7,,Line,""
cv_174,16C2,,Line,""
cv_175,16C6,,Line,""
cv_176,16CA,,Line,""
cv_177,16CB,,Line,""
cv_178,16CC,,Line,""
cv_179,16CD,,Line,""
cv_180,16CE,,Line,""
cv_181,16D0,,Line,""
cv_182,16D1,,Line,""
cv_183,16D2,,Line,""
cv_184,16D3,,Line,""
cv_185,16D4,,Line,""
cv_186,16D6,,Line,""
cv_187,16D8,,Line,""
cv_188,16DB,,Line,""
cv_189,16DD,,Line,""
cv_190,16DE,,Line,""
cv_191,16E0,,Line,""
cv_192,16E1,,Line,""
cv_193,16E2,,Line,""
cv_194,17C0,,Line,""
cv_195,17C1,,Line,""
cv_196,17C4,,Line,""
cv_197,17C5,,Line,""
cv_198,17C8,,Line,""
cv_199,17C9,,Line,""
cv_200,17CB,,Line,""
cv_201,17D0,,Line,""
cv_202,17E9,,Line,""
cv_203,17F8,,Line,""
cv_204,17F9,,Line,""
cv_205,17FD,,Line,""
cv_206,17FF,,Line,""
cv_207,1802,,Line,""
cv_208,1810,,Line,""
cv_209,1826,,Line,""
cv_210,1827,,Line,""
cv_211,1828,,Line,""
cv_212,1829,,Line,""
cv_213,182D,,Line,""
cv_214,182E,,Line,""
cv_215,184F,,Line,""
cv_216,1853,,Line,""
cv_217,191C,,Line,""
cv_218,D4A,,Line,""
cv_219,D50,,Line,""
cv_220,D53,,Line,""
cv_221,D54,,Line,""
cv_222,D55,,Line,""
cv_223,D56,,Line,""
cv_224,D59,,Line,""
cv_225,D5A,,Line,""
cv_226,D5C,,Line,""
cv_227,D5D,,Line,""
cv_228,D5E,,Line,""
cv_229,D5F,,Line,""
cv_230,D60,,Line,""
cv_231,D61,,Line,""
cv_232,D64,,Line,""
cv_233,D68,,Line,""
cv_234,D69,,Line,""
cv_235,D6B,,Line,""
cv_236,D7C,,Line,""
cv_237,D7D,,Line,""
cv_238,D7E,,Line,""
cv_239,D7F,,Line,""
cv_240,D80,,Line,""
cv_241,D81,,Line,""
cv_242,D82,,Line,""
cv_243,D83,,Line,""
cv_244,D84,,Line,""
cv_245,D85,,Line,""
cv_246,D86,,Line,""
cv_247,D87,,Line,""
cv_248,D88,,Line,""
cv_249,D89,,Line,""
cv_250,D8A,,Line,""
cv_251,D8B,,Line,""
cv_252,D8C,,Line,""
cv_253,D8D,,Line,""
cv_254,D8E,,Line,""
cv_255,D8F,,Line,""
cv_256,D90,,Line,""
cv_257,D91,,Line,""
cv_258,D92,,Line,""
cv_259,D99,,Line,""
cv_260,DA0,,Line,""
cv_261,DA1,,Line,""
cv_262,DA2,,Line,""
cv_263,DAA,,Line,""
cv_264,DAB,,Line,""
cv_265,DB1,,Line,""
cv_266,DB3,,Line,""
cv_267,DB5,,Line,""
cv_268,DC1,,Line,""
cv_269,DCA,,Line,""
cv_270,DCB,,Line,""
cv_271,DE5,,Line,""
cv_272,DEA,,Line,""
cv_273,DF1,,Line,""
cv_274,DF2,,Line,""
cv_275,DF5,,Line,""
cv_276,DF9,,Line,""
cv_277,DFB,,Line,""
cv_278,DFC,,Line,""
cv_279,E1C,,Line,""
cv_280,E20,,Line,""
cv_281,E23,,Line,""
cv_282,E24,,Line,""
cv_283,E25,,Line,""
cv_284,E26,,Line,""
cv_285,E3A,,Line,""
cv_286,E3C,,Line,""
cv_287,E3D,,Line,""
cv_288,E3E,,Line,""
cv_289,E43,,Line,""
cv_290,E44,,Line,""
cv_291,E45,,Line,""
cv_292,E47,,Line,""
cv_293,E49,,Line,""
cv_294,E4E,,Line,""
cv_295,E4F,,Line,""
cv_296,E51,,Line,""
cv_297,E5F,,Line,""
cv_298,E63,,Line,""
cv_299,E73,,Line,""
cv_300,E8B,,Line,""
cv_301,E8C,,Line,""
cv_302,E8E,,Line,""
cv_303,E90,,Line,""
cv_304,E92,,Line,""
cv_305,E99,,Line,""
cv_306,E9B,,Line,""
cv_307,EA9,,Line,""
cv_308,EAD,,Line,""
cv_309,EC2,,Line,""
cv_310,ECC,,Line,""
cv_311,ED4,,Line,""
cv_312,EDD,,Line,""
cv_313,EDE,,Line,""
cv_314,EEC,,Line,""
cv_315,F0B,,Line,""
cv_316,F0C,,Line,""
cv_317,F1D,,Line,""
cv_318,F1F,,Line,""
cv_319,F27,,Line,""
cv_320,F2A,,Line,""
cv_321,F2F,,Line,""
cv_322,F42,,Line,""
cv_323,F43,,Line,""
cv_324,F45,,Line,""
cv_325,F4B,,Line,""
cv_326,F4C,,Line,""
cv_327,F4D,,Line,""
cv_328,F54,,Line,""
cv_329,F55,,Line,""
cv_330,F56,,Line,""
cv_331,F5B,,Line,""
cv_332,F5C,,Line,""
cv_333,F62,,Line,""
cv_334,F63,,Line,""
cv_335,F64,,Line,""
cv_336,F65,,Line,""
cv_337,F82,,Line,""
cv_338,F9B,,Line,""
cv_339,F9C,,Line,""
cv_340,F9D,,Line,""
cv_341,F9E,,Line,""
cv_342,F9F,,Line,""
cv_343,FA0,,Line,""
cv_344,FA2,,Line,""
cv_345,FB2,,Line,""
cv_346,FBF,,Line,""
cv_347,FC0,,Line,""
cv_348,FC1,,Line,""
cv_349,FC2,,Line,""
cv_350,FC3,,Line,""
cv_351,FC4,,Line,""
cv_352,FC5,,Line,""
cv_353,FC6,,Line,""
cv_354,FC7,,Line,""
cv_355,FC8,,Line,""
cv_356,FC9,,Line,""
cv_357,FCA,,Line,""
cv_358,FCB,,Line,""
cv_359,FCC,,Line,""
cv_360,FCD,,Line,""
cv_361,FCE,,Line,""
cv_362,FCF,,Line,""
cv_363,FD0,,Line,""
cv_364,FD1,,Line,""
cv_365,FD3,,Line,""
cv_366,FD6,,Line,""
cv_367,FD7,,Line,""
cv_368,FDB,,Line,""
cv_369,FDC,,Line,""
cv_370,FDF,,Line,""
cv_371,FE0,,Line,""
cv_372,FE3,,Line,""
cv_373,FE4,,Line,""
cv_374,FE5,,Line,""
cv_375,FE8,,Line,""
cv_376,FE9,,Line,""
cv_377,FEA,,Line,""
cv_378,1007,,Line,""
cv_379,1009,,Line,""
cv_380,1010,,Line,""
cv_381,1015,,Line,""
cv_382,1019,,Line,""
cv_383,102C,,Line,""
cv_384,1032,,Line,""
cv_385,1034,,Line,""
cv_386,103D,,Line,""
cv_387,1061,,Line,""
cv_388,1062,,Line,""
cv_389,1064,,Line,""
cv_390,1076,,Line,""
cv_391,1078,,Line,""
cv_392,107B,,Line,""
cv_393,107C,,Line,""
cv_394,107E,,Line,""
cv_395,107F,,Line,""
cv_396,1080,,Line,""
cv_397,1081,,Line,""
cv_398,1083,,Line,""
cv_399,1085,,Line,""
cv_400,1086,,Line,""
cv_401,1087,,Line,""
cv_402,1088,,Line,""
cv_403,1089,,Line,""
cv_404,109B,,Line,""
cv_405,109E,,Line,""
cv_406,109F,,Line,""
cv_407,10A0,,Line,""
cv_408,10A5,,Line,""
cv_409,10AF,,Line,""
cv_410,10BB,,Line,""
cv_411,10BE,,Line,""
cv_412,10BF,,Line,""
cv_413,10C0,,Line,""
cv_414,10C1,,Line,""
cv_415,10C2,,Line,""
cv_416,10C3,,Line,""
cv_417,10C4,,Line,""
cv_418,10C5,,Line,""
cv_419,10C6,,Line,""
cv_420,10C7,,Line,""
cv_421,10E9,,Line,""
cv_422,10EA,,Line,""
cv_423,10EB,,Line,""
cv_424,10EF,,Line,""
cv_425,10FB,,Line,""
cv_426,10FF,,Line,""
cv_427,1132,,Line,""
cv_428,1135,,Line,""
cv_429,113C,,Line,""
cv_430,1140,,Line,""
cv_431,1141,,Line,""
cv_432,114C,,Line,""
cv_433,116C,,Line,""
cv_434,116D,,Line,""
cv_435,1173,,Line,""
cv_436,117F,,Line,""
cv_437,1180,,Line,""
cv_438,1181,,Line,""
cv_439,1182,,Line,""
cv_440,1185,,Line,""
cv_441,11A1,,Line,""
cv_442,11AA,,Line,""
cv_443,11AB,,Line,""
cv_444,11AD,,Line,""
cv_445,11AE,,Line,""
cv_446,11AF,,Line,""
cv_447,11B0,,Line,""
cv_448,11B1,,Line,""
cv_449,11B6,,Line,""
cv_450,11B7,,Line,""
cv_451,11B8,,Line,""
cv_452,11B9,,Line,""
cv_453,11BA,,Line,""
cv_454,11BD,,Line,""
cv_455,11BE,,Line,""
cv_456,11CC,,Line,""
cv_457,11CD,,Line,""
cv_458,11CE,,Line,""
cv_459,11CF,,Line,""
cv_460,11D0,,Line,""
cv_461,11D1,,Line,""
cv_462,11D2,,Line,""
cv_463,11D3,,Line,""
cv_464,11D4,,Line,""
cv_465,11D5,,Line,""
cv_466,11D6,,Line,""
cv_467,11D7,,Line,""
cv_468,11D8,,Line,""
cv_469,11DE,,Line,""
cv_470,11EF,,Line,""
cv_471,1202,,Line,""
cv_472,1203,,Line,""
cv_473,1204,,Line,""
cv_474,1255,,Line,""
cv_475,1256,,Line,""
cv_476,1257,,Line,""
cv_477,1258,,Line,""
cv_478,125D,,Line,""
cv_479,125E,,Line,""
cv_480,125F,,Line,""
cv_481,1260,,Line,""
cv_482,1261,,Line,""
cv_483,1267,,Line,""
cv_484,126B,,Line,""
cv_485,126C,,Line,""
cv_486,126E,,Line,""
cv_487,1276,,Line,""
cv_488,1279,,Line,""
cv_489,127A,,Line,""
cv_490,127B,,Line,""
cv_491,1281,,Line,""
cv_492,1285,,Line,""
cv_493,1288,,Line,""
cv_494,128B,,Line,""
cv_495,128C,,Line,""
cv_496,128E,,Line,""
cv_497,1293,,Line,""
cv_498,1295,,Line,""
cv_499,1296,,Line,""
cv_500,1297,,Line,""
cv_501,1298,,Line,""
cv_502,129D,,Line,""
cv_503,129E,,Line,""
cv_504,129F,,Line,""
cv_505,12A0,,Line,""
cv_506,12A1,,Line,""
cv_507,12A6,,Line,""
cv_508,12A8,,Line,""
cv_509,12A9,,Line,""
cv_510,12AB,,Line,""
cv_511,12AC,,Line,""
cv_512,12AF,,Line,""
cv_513,12B0,,Line,""
cv_514,12B1,,Line,""
cv_515,12B6,,Line,""
cv_516,12BA,,Line,""
cv_517,12BC,,Line,""
cv_518,12BD,,Line,""
cv_519,12C0,,Line,""
cv_520,12C1,,Line,""
cv_521,12C2,,Line,""
cv_522,12C3,,Line,""
cv_523,12C6,,Line,""
cv_524,12CD,,Line,""
cv_525,12CE,,Line,""
cv_526,12D0,,Line,""
cv_527,12D2,,Line,""
cv_528,12D6,,Line,""
cv_529,12D7,,Line,""
cv_530,12D8,,Line,""
cv_531,12D9,,Line,""
cv_532,12DA,,Line,""
cv_533,12DB,,Line,""
cv_534,12DF,,Line,""
cv_535,12E0,,Line,""
cv_536,12E1,,Line,""
cv_537,12E2,,Line,""
cv_538,12E3,,Line,""
cv_539,12ED,,Line,""
cv_540,12F1,,Line,""
cv_541,12F3,,Line,""
cv_542,12F4,,Line,""
cv_543,12F8,,Line,""
cv_544,12F9,,Line,""
cv_545,12FA,,Line,""
cv_546,12FB,,Line,""
cv_547,12FE,,Line,""
cv_548,1303,,Line,""
cv_549,1304,,Line,""
cv_550,1307,,Line,""
cv_551,130F,,Line,""
cv_552,1310,,Line,""
cv_553,1313,,Line,""
cv_554,132C,,Line,""
cv_555,132D,,Line,""
cv_556,132E,,Line,""
cv_557,132F,,Line,""
cv_558,1332,,Line,""
cv_559,1333,,Line,""
cv_560,1334,,Line,""
cv_561,1335,,Line,""
cv_562,1336,,Line,""
cv_563,134B,,Line,""
cv_564,1423,,Line,""
cv_565,1428,,Line,""
cv_566,1432,,Line,""
cv_567,14AD,,Line,""
cv_568,14B6,,Line,""
cv_569,14BD,,Line,""
cv_570,14BE,,Line,""
cv_571,14BF,,Line,""
cv_572,14C0,,Line,""
cv_573,14C1,,Line,""
cv_574,14C2,,Line,""
cv_575,14C3,,Line,""
cv_576,14C4,,Line,""
cv_577,14C5,,Line,""
cv_578,14C6,,Line,""
cv_579,14C7,,Line,""
cv_580,14CA,,Line,""
cv_581,14DA,,Line,""
cv_582,14E2,,Line,""
cv_583,14E3,,Line,""
cv_584,14E5,,Line,""
cv_585,14E6,,Line,""
cv_586,14E7,,Line,""
cv_587,14E8,,Line,""
cv_588,14EC,,Line,""
cv_589,1516,,Line,""
cv_590,1522,,Line,""
cv_591,152B,,Line,""
cv_592,152C,,Line,""
cv_593,152F,,Line,""
cv_594,1530,,Line,""
cv_595,1531,,Line,""
cv_596,1533,,Line,""
cv_597,1536,,Line,""
cv_598,1538,,Line,""
cv_599,153C,,Line,""
cv_600,153D,,Line,""
cv_601,153E,,Line,""
cv_602,1540,,Line,""
cv_603,1541,,Line,""
cv_604,1542,,Line,""
cv_605,154C,,Line,""
cv_606,154D,,Line,""
cv_607,154E,,Line,""
cv_608,154F,,Line,""
cv_609,1551,,Line,""
cv_610,1556,,Line,""
cv_611,155A,,Line,""
cv_612,155E,,Line,""
cv_613,155F,,Line,""
cv_614,1560,,Line,""
cv_615,1564,,Line,""
cv_616,1565,,Line,""
cv_617,1566,,Line,""
cv_618,1567,,Line,""
cv_619,156B,,Line,""
cv_620,1574,,Line,""
cv_621,1579,,Line,""
cv_622,157A,,Line,""
cv_623,157B,,Line,""
cv_624,157C,,Line,""
cv_625,157D,,Line,""
cv_626,157E,,Line,""
cv_627,157F,,Line,""
cv_628,1580,,Line,""
cv_629,1581,,Line,""
cv_630,1582,,Line,""
cv_631,1586,,Line,""
cv_632,1588,,Line,""
cv_633,1589,,Line,""
cv_634,158B,,Line,""
cv_635,1591,,Line,""
cv_636,1594,,Line,""
cv_637,1595,,Line,""
cv_638,1596,,Line,""
cv_639,1597,,Line,""
cv_640,1598,,Line,""
cv_641,1599,,Line,""
cv_642,159A,,Line,""
cv_643,159D,,Line,""
cv_644,159F,,Line,""
cv_645,15A4,,Line,""
cv_646,15A5,,Line,""
cv_647,15A7,,Line,""
cv_648,15A8,,Line,""
cv_649,15AB,,Line,""
cv_650,15AC,,Line,""
cv_651,15AD,,Line,""
cv_652,15AE,,Line,""
cv_653,15AF,,Line,""
cv_654,15B0,,Line,""
cv_655,15B1,,Line,""
cv_656,15B2,,Line,""
cv_657,15B5,,Line,""
cv_658,15B6,,Line,""
cv_659,15B7,,Line,""
cv_660,15B8,,Line,""
cv_661,15BB,,Line,""
cv_662,15BD,,Line,""
cv_663,15BE,,Line,""
cv_664,15BF,,Line,""
cv_665,15C0,,Line,""
cv_666,15C3,,Line,""
cv_667,15C6,,Line,""
cv_668,15C9,,Line,""
cv_669,15D6,,Line,""
cv_670,15D7,,Line,""
cv_671,15D9,,Line,""
cv_672,15DB,,Line,""
cv_673,15DE,,Line,""
cv_674,15E0,,Line,""
cv_675,15E1,,Line,""
cv_676,15EE,,Line,""
cv_677,15EF,,Line,""
cv_678,15F2,,Line,""
cv_679,15F5,,Line,""
cv_680,15F6,,Line,""
cv_681,15F7,,Line,""
cv_682,15FA,,Line,""
cv_683,15FC,,Line,""
cv_684,15FD,,Line,""
cv_685,15FE,,Line,""
cv_686,15FF,,Line,""
cv_687,1600,,Line,""
cv_688,1601,,Line,""
cv_689,1602,,Line,""
cv_690,1603,,Line,""
cv_691,1614,,Line,""
cv_692,1617,,Line,""
cv_693,1618,,Line,""
cv_694,1619,,Line,""
cv_695,161A,,Line,""
cv_696,161B,,Line,""
cv_697,161C,,Line,""
cv_698,1622,,Line,""
cv_699,1625,,Line,""
cv_700,163C,,Line,""
cv_701,163D,,Line,""
cv_702,163F,,Line,""
cv_703,1640,,Line,""
cv_704,1641,,Line,""
cv_705,1644,,Line,""
cv_706,1645,,Line,""
cv_707,1646,,Line,""
cv_708,1648,,Line,""
cv_709,164F,,Line,""
cv_710,1650,,Line,""
cv_711,1657,,Line,""
cv_712,1667,,Line,""
cv_713,1668,,Line,""
cv_714,1669,,Line,""
cv_715,166B,,Line,""
cv_716,16B1,,Line,""
cv_717,16B4,,Line,""
cv_718,16B5,,Line,""
cv_719,16B6,,Line,""
cv_720,16B7,,Line,""
cv_721,16BA,,Line,""
cv_722,16BB,,Line,""
cv_723,16BE,,Line,""
cv_724,16BF,,Line,""
cv_725,16C0,,Line,""
cv_726,16C2,,Line,""
cv_727,16C6,,Line,""
cv_728,16CA,,Line,""
cv_729,16CB,,Line,""
cv_730,16CC,,Line,""
cv_731,16CD,,Line,""
cv_732,16CE,,Line,""
cv_733,16D0,,Line,""
cv_734,16D1,,Line,""
cv_735,16D2,,Line,""
cv_736,16D3,,Line,""
cv_737,16D4,,Line,""
cv_738,16D6,,Line,""
cv_739,16D8,,Line,""
cv_740,16D9,,Line,""
cv_741,16DB,,Line,""
cv_742,16DD,,Line,""
cv_743,16DE,,Line,""
cv_744,16E0,,Line,""
cv_745,16E1,,Line,""
cv_746,16E2,,Line,""
cv_747,16E3,,Line,""
cv_748,171D,,Line,""
cv_749,1736,,Line,""
cv_750,173D,,Line,""
cv_751,173F,,Line,""
cv_752,1741,,Line,""
cv_753,174E,,Line,""
cv_754,174F,,Line,""
cv_755,1750,,Line,""
cv_756,175F,,Line,""
cv_757,1760,,Line,""
cv_758,1777,,Line,""
cv_759,177B,,Line,""
cv_760,17C0,,Line,""
cv_761,17C1,,Line,""
cv_762,17C4,,Line,""
cv_763,17C5,,Line,""
cv_764,17C8,,Line,""
cv_765,17C9,,Line,""
cv_766,17CB,,Line,""
cv_767,17D0,,Line,""
cv_768,17E9,,Line,""
cv_769,17F8,,Line,""
cv_770,17F9,,Line,""
cv_771,17FD,,Line,""
cv_772,17FF,,Line,""
cv_773,1802,,Line,""
cv_774,1810,,Line,""
cv_775,1826,,Line,""
cv_776,1827,,Line,""
cv_777,1828,,Line,""
cv_778,1829,,Line,""
cv_779,182A,,Line,""
cv_780,182D,,Line,""
cv_781,182E,,Line,""
cv_782,1830,,Line,""
cv_783,1841,,Line,""
cv_784,1842,,Line,""
cv_785,1843,,Line,""
cv_786,1845,,Line,""
cv_787,1848,,Line,""
cv_788,184C,,Line,""
cv_789,184F,,Line,""
cv_790,1853,,Line,""
cv_791,1858,,Line,""
cv_792,185C,,Line,""
cv_793,185D,,Line,""
cv_794,185E,,Line,""
cv_795,1860,,Line,""
cv_796,1861,,Line,""
cv_797,1862,,Line,""
cv_798,1864,,Line,""
cv_799,1865,,Line,""
cv_800,1866,,Line,""
cv_801,1867,,Line,""
cv_802,186A,,Line,""
cv_803,186B,,Line,""
cv_804,186E,,Line,""
cv_805,1872,,Line,""
cv_806,1873,,Line,""
cv_807,1874,,Line,""
cv_808,1875,,Line,""
cv_809,187C,,Line,""
cv_810,188A,,Line,""
cv_811,188B,,Line,""
cv_812,18B0,,Line,""
cv_813,18B6,,Line,""
cv_814,18B7,,Line,""
cv_815,18F5,,Line,""
cv_816,18F8,,Line,""
cv_817,18F9,,Line,""
cv_818,18FC,,Line,""
cv_819,1900,,Line,""
cv_820,1903,,Line,""
cv_821,1905,,Line,""
cv_822,190A,,Line,""
cv_823,1910,,Line,""
cv_824,1911,,Line,""
cv_825,1912,,Line,""
cv_826,1919,,Line,""
cv_827,191A,,Line,""
cv_828,191B,,Line,""
cv_829,191C,,Line,""
cv_830,1921,,Line,""
cv_831,1922,,Line,""
cv_832,1926,,Line,""
cv_833,1930,,Line,""
cv_834,1942,,Line,""
cv_835,195E,,Line,""
cv_836,1966,,Line,""
cv_837,1969,,Line,""
cv_838,196A,,Line,""
cv_839,196B,,Line,""
cv_840,196C,,Line,""
cv_841,196D,,Line,""
cv_842,196E,,Line,""
cv_843,196F,,Line,""
cv_844,1976,,Line,""
cv_845,1977,,Line,""
cv_846,1978,,Line,""
cv_847,197C,,Line,""
cv_848,1982,,Line,""
cv_849,1983,,Line,""
cv_850,1986,,Line,""
cv_851,198B,,Line,""
cv_852,198C,,Line,""
cv_853,198D,,Line,""
cv_854,198F,,Line,""
cv_855,1990,,Line,""
cv_856,1991,,Line,""
cv_857,1994,,Line,""
cv_858,19A0,,Line,""
cv_859,19C2,,Line,""
cv_860,19C3,,Line,""
cv_861,19C9,,Line,""
cv_862,19CF,,Line,""
cv_863,19D0,,Line,""
cv_864,19D1,,Line,""
cv_865,19D3,,Line,""
cv_866,19D4,,Line,""
cv_867,19D5,,Line,""
cv_868,19D6,,Line,""
cv_869,19D7,,Line,""
cv_870,19DA,,Line,""
cv_871,19DB,,Line,""
cv_875,129B,,Arc,""
cv_876,129C,,Arc,""
cv_877,12A3,,Polyline,""
cv_878,12DD,,Arc,""
cv_879,14BB,,Polyline,""
cv_880,163E,,Arc,""
cv_881,1642,,Arc,""
cv_882,1643,,Arc,""
cv_883,1649,,Arc,""
cv_884,1851,,Arc,""
cv_885,1852,,Arc,""
cv_886,D70,,Polyline,""
cv_887,D71,,Polyline,""
cv_888,D9D,,Polyline,""
cv_889,10C8,,Polyline,""
cv_890,11CB,,Polyline,""
cv_891,12A3,,Polyline,""
cv_892,14BA,,Polyline,""
cv_893,14BB,,Polyline,""
cv_894,1548,,Polyline,""
cv_895,1549,,Polyline,""
cv_896,1563,,Polyline,""
cv_897,156E,,Polyline,""
cv_898,D79,,Line,""
cv_899,D7A,,Line,""
cv_900,FD2,,Polyline,""
cv_901,1259,,Line,""
cv_902,125A,,Line,""
cv_903,128F,,Line,""
cv_904,1290,,Line,""
cv_905,12A2,,Line,""
cv_906,12A4,,Line,""
cv_907,12A5,,Line,""
cv_908,12B5,,Line,""
cv_909,12B9,,Line,""
cv_910,12BB,,Line,""
cv_911,12D5,,Line,""
cv_912,12DC,,Arc,""
cv_913,12E9,,Line,""
cv_914,12EA,,Line,""
cv_915,12EE,,Line,""
cv_916,12EF,,Line,""
cv_917,12F0,,Line,""
cv_918,12F2,,Line,""
cv_919,1549,,Polyline,""
cv_920,15AA,,Line,""
cv_921,15B3,,Line,""
cv_922,15DC,,Line,""
cv_923,15DD,,Line,""
cv_924,160E,,Line,""
cv_925,164A,,Line,""
cv_926,164B,,Line,""
cv_927,164C,,Line,""
cv_928,1651,,Line,""
cv_929,1653,,Line,""
cv_930,1666,,Line,""
cv_931,16C1,,Line,""
cv_932,16C3,,Line,""
cv_933,16DA,,Line,""
cv_934,16DC,,Line,""
cv_935,184D,,Line,""
cv_936,184E,,Line,""
cv_937,1856,,Line,""
cv_938,1857,,Line,""
cv_939,D77,,Line,""
cv_940,D78,,Line,""
cv_941,D79,,Line,""
cv_942,D7A,,Line,""
cv_943,D9E,,Polyline,""
cv_944,E89,,Line,""
cv_945,F1E,,Line,""
cv_946,F20,,Line,""
cv_947,F60,,Line,""
cv_948,FA7,,Line,""
cv_949,FA8,,Line,""
cv_950,FA9,,Polyline,""
cv_951,FAC,,Polyline,""
cv_952,FD2,,Polyline,""
cv_953,FD4,,Line,""
cv_954,FD5,,Line,""
cv_955,FF9,,Line,""
cv_956,100B,,Line,""
cv_957,100C,,Line,""
cv_958,100D,,Line,""
cv_959,100E,,Line,""
cv_960,100F,,Line,""
cv_961,10A3,,Line,""
cv_962,10A4,,Line,""
cv_963,10AB,,Line,""
cv_964,10AC,,Line,""
cv_965,10F0,,Line,""
cv_966,10F1,,Line,""
cv_967,10F2,,Polyline,""
cv_968,11A8,,Line,""
cv_969,11A9,,Line,""
cv_970,11B5,,Polyline,""
cv_971,1259,,Line,""
cv_972,125A,,Line,""
cv_973,127D,,Line,""
cv_974,127E,,Line,""
cv_975,128F,,Line,""
cv_976,1290,,Line,""
cv_977,12A2,,Line,""
cv_978,12A4,,Line,""
cv_979,12A5,,Line,""
cv_980,12B5,,Line,""
cv_981,12B9,,Line,""
cv_982,12BB,,Line,""
cv_983,12D5,,Line,""
cv_984,12E9,,Line,""
cv_985,12EA,,Line,""
cv_986,12EE,,Line,""
cv_987,12EF,,Line,""
cv_988,12F0,,Line,""
cv_989,12F2,,Line,""
cv_990,1305,,Line,""
cv_991,1306,,Line,""
cv_992,1311,,Line,""
cv_993,1312,,Line,""
cv_994,1429,,Line,""
cv_995,142A,,Line,""
cv_996,14A2,,Line,""
cv_997,14A3,,Line,""
cv_998,14B9,,Polyline,""
cv_999,14DC,,Line,""
cv_1000,14DD,,Line,""
cv_1001,14ED,,Line,""
cv_1002,14EE,,Line,""
cv_1003,1543,,Polyline,""
cv_1004,1562,,Polyline,""
cv_1005,1568,,Line,""
cv_1006,1569,,Line,""
cv_1007,1571,,Line,""
cv_1008,1572,,Line,""
cv_1009,15A1,,Line,""
cv_1010,15A2,,Line,""
cv_1011,15AA,,Line,""
cv_1012,15B3,,Line,""
cv_1013,15C1,,Line,""
cv_1014,15C2,,Line,""
cv_1015,15C7,,Line,""
cv_1016,15C8,,Line,""
cv_1017,15D1,,Line,""
cv_1018,15D2,,Line,""
cv_1019,15DC,,Line,""
cv_1020,15DD,,Line,""
cv_1021,160E,,Line,""
cv_1022,164A,,Line,""
cv_1023,164B,,Line,""
cv_1024,164C,,Line,""
cv_1025,1651,,Line,""
cv_1026,1653,,Line,""
cv_1027,1666,,Line,""
cv_1028,16C1,,Line,""
cv_1029,16C3,,Line,""
cv_1030,16DA,,Line,""
cv_1031,16DC,,Line,""
cv_1032,177C,,Line,""
cv_1033,177D,,Line,""
cv_1034,1839,,Line,""
cv_1035,183A,,Line,""
cv_1036,183F,,Line,""
cv_1037,1840,,Line,""
cv_1038,184D,,Line,""
cv_1039,184E,,Line,""
cv_1040,1856,,Line,""
cv_1041,1857,,Line,""
cv_1042,18B1,,Line,""
cv_1043,18B2,,Line,""
cv_1044,1904,,Line,""
cv_1045,1906,,Line,""
cv_1046,190B,,Line,""
cv_1047,190C,,Line,""
cv_1048,1964,,Line,""
cv_1049,1965,,Line,""
cv_1050,1988,,Line,""
cv_1051,1989,,Line,""
cv_1052,D57,,Arc,""
cv_1053,D58,,Arc,""
cv_1054,12AD,,Arc,""
cv_1055,12AE,,Arc,""
cv_1056,12B2,,Arc,""
cv_1057,12B3,,Arc,""
cv_1058,12B4,,Arc,""
cv_1059,12B7,,Arc,""
cv_1060,12B8,,Arc,""
cv_1061,12E4,,Arc,""
cv_1062,12E5,,Arc,""
cv_1063,12E7,,Arc,""
cv_1064,12E8,,Arc,""
cv_1065,12EB,,Arc,""
cv_1066,12EC,,Arc,""
cv_1067,15B4,,Arc,""
cv_1068,15DF,,Arc,""
cv_1069,1609,,Arc,""
cv_1070,1610,,Arc,""
cv_1071,163A,,Arc,""
cv_1072,163B,,Arc,""
cv_1073,1654,,Arc,""
cv_1074,16DF,,Arc,""
cv_1075,16E6,,Arc,""
cv_1076,1854,,Arc,""
cv_1077,1855,,Arc,""
cv_1078,D57,,Arc,""
cv_1079,D58,,Arc,""
cv_1080,D65,,Arc,""
cv_1081,1011,,Arc,""
cv_1082,1012,,Arc,""
cv_1083,1013,,Arc,""
cv_1084,1014,,Arc,""
cv_1085,10A6,,Arc,""
cv_1086,10A7,,Arc,""
cv_1087,10AD,,Arc,""
cv_1088,10AE,,Arc,""
cv_1089,10E7,,Arc,""
cv_1090,10E8,,Arc,""
cv_1091,1263,,Arc,""
cv_1092,1264,,Arc,""
cv_1093,1280,,Arc,""
cv_1094,1284,,Arc,""
cv_1095,129B,,Arc,""
cv_1096,129C,,Arc,""
cv_1097,12AD,,Arc,""
cv_1098,12AE,,Arc,""
cv_1099,12B2,,Arc,""
cv_1100,12B3,,Arc,""
cv_1101,12B4,,Arc,""
cv_1102,12B7,,Arc,""
cv_1103,12B8,,Arc,""
cv_1104,12DC,,Arc,""
cv_1105,12DD,,Arc,""
cv_1106,12E4,,Arc,""
cv_1107,12E5,,Arc,""
cv_1108,12E7,,Arc,""
cv_1109,12E8,,Arc,""
cv_1110,12EB,,Arc,""
cv_1111,12EC,,Arc,""
cv_1112,1315,,Arc,""
cv_1113,1316,,Arc,""
cv_1114,1421,,Arc,""
cv_1115,1422,,Arc,""
cv_1116,146B,,Arc,""
cv_1117,146C,,Arc,""
cv_1118,14B5,,Arc,""
cv_1119,14EA,,Arc,""
cv_1120,14EB,,Arc,""
cv_1121,1552,,Arc,""
cv_1122,1553,,Arc,""
cv_1123,15B4,,Arc,""
cv_1124,15CA,,Arc,""
cv_1125,15CB,,Arc,""
cv_1126,15D3,,Arc,""
cv_1127,15D4,,Arc,""
cv_1128,15D8,,Arc,""
cv_1129,15DA,,Arc,""
cv_1130,15DF,,Arc,""
cv_1131,15F0,,Arc,""
cv_1132,15F1,,Arc,""
cv_1133,1609,,Arc,""
cv_1134,1610,,Arc,""
cv_1135,163A,,Arc,""
cv_1136,163B,,Arc,""
cv_1137,163E,,Arc,""
cv_1138,1642,,Arc,""
cv_1139,1643,,Arc,""
cv_1140,1649,,Arc,""
cv_1141,1654,,Arc,""
cv_1142,16A9,,Arc,""
cv_1143,16AA,,Arc,""
cv_1144,16BC,,Arc,""
cv_1145,16BD,,Arc,""
cv_1146,16DF,,Arc,""
cv_1147,16E6,,Arc,""
cv_1148,182B,,Arc,""
cv_1149,182C,,Arc,""
cv_1150,1833,,Arc,""
cv_1151,1834,,Arc,""
cv_1152,1851,,Arc,""
cv_1153,1852,,Arc,""
cv_1154,1854,,Arc,""
cv_1155,1855,,Arc,""
cv_1156,18AE,,Arc,""
cv_1157,18AF,,Arc,""
cv_1158,1901,,Arc,""
cv_1159,1902,,Arc,""
cv_1160,1907,,Arc,""
cv_1161,1909,,Arc,""
cv_1162,197E,,Arc,""
cv_1163,197F,,Arc,""
cv_1167,19DE,,Text,""
cv_1168,19DE,,Text,""
cv_1169,D5B,,Polyline,""
cv_1170,12F5,,Polyline,""
cv_1171,12F6,,Polyline,""
cv_1172,1302,,Polyline,""
cv_1173,15FB,,Polyline,""
cv_1174,1606,,Polyline,""
cv_1175,1608,,Polyline,""
cv_1176,160A,,Polyline,""
cv_1177,160C,,Polyline,""
cv_1178,160D,,Polyline,""
cv_1179,160F,,Polyline,""
cv_1180,1611,,Polyline,""
cv_1181,1613,,Polyline,""
cv_1182,1615,,Polyline,""
cv_1183,1616,,Polyline,""
cv_1184,161D,,Polyline,""
cv_1185,1621,,Polyline,""
cv_1186,1623,,Polyline,""
cv_1187,1624,,Polyline,""
cv_1188,1629,,Polyline,""
cv_1189,162C,,Polyline,""
cv_1190,162F,,Polyline,""
cv_1191,1631,,Polyline,""
cv_1192,1632,,Polyline,""
cv_1193,1636,,Polyline,""
cv_1194,1638,,Polyline,""
cv_1195,1639,,Polyline,""
cv_1196,16C9,,Polyline,""
cv_1197,16CF,,Polyline,""
cv_1198,16D5,,Polyline,""
cv_1199,16D7,,Polyline,""
cv_1200,16EA,,Polyline,""
cv_1201,16EB,,Polyline,""
cv_1202,16EC,,Polyline,""
cv_1203,16F5,,Polyline,""
cv_1204,16F7,,Polyline,""
cv_1205,16F8,,Polyline,""
cv_1206,170A,,Polyline,""
cv_1207,1715,,Polyline,""
cv_1208,1716,,Polyline,""
cv_1209,17C7,,Polyline,""
cv_1210,17CE,,Polyline,""
cv_1211,17DD,,Polyline,""
cv_1212,17DE,,Polyline,""
cv_1213,17FE,,Polyline,""
cv_1214,1807,,Polyline,""
cv_1215,1808,,Polyline,""
cv_1216,180C,,Polyline,""
cv_1217,180D,,Polyline,""
cv_1218,180E,,Polyline,""
cv_1219,180F,,Polyline,""
cv_1220,1811,,Polyline,""
cv_1221,1813,,Polyline,""
cv_1222,1815,,Polyline,""
cv_1223,1817,,Polyline,""
cv_1224,1818,,Polyline,""
cv_1225,D4B,,Polyline,""
cv_1226,D4C,,Polyline,""
cv_1227,D52,,Polyline,""
cv_1228,D5B,,Polyline,""
cv_1229,11A5,,Polyline,""
cv_1230,12F5,,Polyline,""
cv_1231,12F6,,Polyline,""
cv_1232,12F7,,Polyline,""
cv_1233,1300,,Polyline,""
cv_1234,1301,,Polyline,""
cv_1235,1302,,Polyline,""
cv_1236,1308,,Polyline,""
cv_1237,1309,,Polyline,""
cv_1238,130A,,Polyline,""
cv_1239,130B,,Polyline,""
cv_1240,130C,,Polyline,""
cv_1241,130D,,Polyline,""
cv_1242,13C3,,Polyline,""
cv_1243,1424,,Polyline,""
cv_1244,1425,,Polyline,""
cv_1245,1433,,Polyline,""
cv_1246,1434,,Polyline,""
cv_1247,1441,,Polyline,""
cv_1248,1442,,Polyline,""
cv_1249,1445,,Polyline,""
cv_1250,1451,,Polyline,""
cv_1251,1452,,Polyline,""
cv_1252,1453,,Polyline,""
cv_1253,1455,,Polyline,""
cv_1254,145A,,Polyline,""
cv_1255,145B,,Polyline,""
cv_1256,145D,,Polyline,""
cv_1257,145F,,Polyline,""
cv_1258,1463,,Polyline,""
cv_1259,1464,,Polyline,""
cv_1260,1465,,Polyline,""
cv_1261,1466,,Polyline,""
cv_1262,1467,,Polyline,""
cv_1263,1468,,Polyline,""
cv_1264,1469,,Polyline,""
cv_1265,146A,,Polyline,""
cv_1266,1470,,Polyline,""
cv_1267,1472,,Polyline,""
cv_1268,1476,,Polyline,""
cv_1269,1477,,Polyline,""
cv_1270,1481,,Polyline,""
cv_1271,1482,,Polyline,""
cv_1272,1483,,Polyline,""
cv_1273,1484,,Polyline,""
cv_1274,1485,,Polyline,""
cv_1275,1489,,Polyline,""
cv_1276,148C,,Polyline,""
cv_1277,148F,,Polyline,""
cv_1278,1490,,Polyline,""
cv_1279,1491,,Polyline,""
cv_1280,1496,,Polyline,""
cv_1281,1497,,Polyline,""
cv_1282,1498,,Polyline,""
cv_1283,1499,,Polyline,""
cv_1284,149A,,Polyline,""
cv_1285,149B,,Polyline,""
cv_1286,149C,,Polyline,""
cv_1287,149D,,Polyline,""
cv_1288,149E,,Polyline,""
cv_1289,149F,,Polyline,""
cv_1290,14A0,,Polyline,""
cv_1291,14A1,,Polyline,""
cv_1292,14A5,,Polyline,""
cv_1293,1554,,Polyline,""
cv_1294,1555,,Polyline,""
cv_1295,1557,,Polyline,""
cv_1296,1558,,Polyline,""
cv_1297,158C,,Polyline,""
cv_1298,158D,,Polyline,""
cv_1299,15F3,,Polyline,""
cv_1300,15FB,,Polyline,""
cv_1301,1604,,Polyline,""
cv_1302,1605,,Polyline,""
cv_1303,1606,,Polyline,""
cv_1304,1607,,Polyline,""
cv_1305,1608,,Polyline,""
cv_1306,160A,,Polyline,""
cv_1307,160B,,Polyline,""
cv_1308,160C,,Polyline,""
cv_1309,160D,,Polyline,""
cv_1310,160F,,Polyline,""
cv_1311,1611,,Polyline,""
cv_1312,1613,,Polyline,""
cv_1313,1615,,Polyline,""
cv_1314,1616,,Polyline,""
cv_1315,161D,,Polyline,""
cv_1316,161E,,Polyline,""
cv_1317,161F,,Polyline,""
cv_1318,1621,,Polyline,""
cv_1319,1623,,Polyline,""
cv_1320,1624,,Polyline,""
cv_1321,1626,,Polyline,""
cv_1322,1627,,Polyline,""
cv_1323,1628,,Polyline,""
cv_1324,1629,,Polyline,""
cv_1325,162A,,Polyline,""
cv_1326,162B,,Polyline,""
cv_1327,162C,,Polyline,""
cv_1328,162D,,Polyline,""
cv_1329,162E,,Polyline,""
cv_1330,162F,,Polyline,""
cv_1331,1630,,Polyline,""
cv_1332,1631,,Polyline,""
cv_1333,1632,,Polyline,""
cv_1334,1633,,Polyline,""
cv_1335,1634,,Polyline,""
cv_1336,1635,,Polyline,""
cv_1337,1636,,Polyline,""
cv_1338,1637,,Polyline,""
cv_1339,1638,,Polyline,""
cv_1340,1639,,Polyline,""
cv_1341,16A6,,Polyline,""
cv_1342,16A8,,Polyline,""
cv_1343,16C4,,Polyline,""
cv_1344,16C9,,Polyline,""
cv_1345,16CF,,Polyline,""
cv_1346,16D5,,Polyline,""
cv_1347,16D7,,Polyline,""
cv_1348,16E4,,Polyline,""
cv_1349,16EA,,Polyline,""
cv_1350,16EB,,Polyline,""
cv_1351,16EC,,Polyline,""
cv_1352,16ED,,Polyline,""
cv_1353,16EE,,Polyline,""
cv_1354,16EF,,Polyline,""
cv_1355,16F0,,Polyline,""
cv_1356,16F2,,Polyline,""
cv_1357,16F5,,Polyline,""
cv_1358,16F6,,Polyline,""
cv_1359,16F7,,Polyline,""
cv_1360,16F8,,Polyline,""
cv_1361,170A,,Polyline,""
cv_1362,1715,,Polyline,""
cv_1363,1716,,Polyline,""
cv_1364,1738,,Polyline,""
cv_1365,1739,,Polyline,""
cv_1366,1740,,Polyline,""
cv_1367,1751,,Polyline,""
cv_1368,1761,,Polyline,""
cv_1369,1763,,Polyline,""
cv_1370,1765,,Polyline,""
cv_1371,1766,,Polyline,""
cv_1372,176C,,Polyline,""
cv_1373,176E,,Polyline,""
cv_1374,176F,,Polyline,""
cv_1375,1770,,Polyline,""
cv_1376,1771,,Polyline,""
cv_1377,1772,,Polyline,""
cv_1378,1774,,Polyline,""
cv_1379,1775,,Polyline,""
cv_1380,1776,,Polyline,""
cv_1381,1778,,Polyline,""
cv_1382,1793,,Polyline,""
cv_1383,1795,,Polyline,""
cv_1384,1796,,Polyline,""
cv_1385,1797,,Polyline,""
cv_1386,179D,,Polyline,""
cv_1387,179E,,Polyline,""
cv_1388,179F,,Polyline,""
cv_1389,17A0,,Polyline,""
cv_1390,17A1,,Polyline,""
cv_1391,17A2,,Polyline,""
cv_1392,17A3,,Polyline,""
cv_1393,17A5,,Polyline,""
cv_1394,17A6,,Polyline,""
cv_1395,17A7,,Polyline,""
cv_1396,17A8,,Polyline,""
cv_1397,17A9,,Polyline,""
cv_1398,17AA,,Polyline,""
cv_1399,17AB,,Polyline,""
cv_1400,17AC,,Polyline,""
cv_1401,17AD,,Polyline,""
cv_1402,17AE,,Polyline,""
cv_1403,17AF,,Polyline,""
cv_1404,17B0,,Polyline,""
cv_1405,17B1,,Polyline,""
cv_1406,17B2,,Polyline,""
cv_1407,17B3,,Polyline,""
cv_1408,17B4,,Polyline,""
cv_1409,17B5,,Polyline,""
cv_1410,17B6,,Polyline,""
cv_1411,17B7,,Polyline,""
cv_1412,17B8,,Polyline,""
cv_1413,17B9,,Polyline,""
cv_1414,17BA,,Polyline,""
cv_1415,17BD,,Polyline,""
cv_1416,17C7,,Polyline,""
cv_1417,17CE,,Polyline,""
cv_1418,17DD,,Polyline,""
cv_1419,17DE,,Polyline,""
cv_1420,17FE,,Polyline,""
cv_1421,1800,,Polyline,""
cv_1422,1807,,Polyline,""
cv_1423,1808,,Polyline,""
cv_1424,1809,,Polyline,""
cv_1425,180A,,Polyline,""
cv_1426,180C,,Polyline,""
cv_1427,180D,,Polyline,""
cv_1428,180E,,Polyline,""
cv_1429,180F,,Polyline,""
cv_1430,1811,,Polyline,""
cv_1431,1812,,Polyline,""
cv_1432,1813,,Polyline,""
cv_1433,1814,,Polyline,""
cv_1434,1815,,Polyline,""
cv_1435,1816,,Polyline,""
cv_1436,1817,,Polyline,""
cv_1437,1818,,Polyline,""
cv_1438,1832,,Polyline,""
cv_1439,1835,,Polyline,""
cv_1440,1836,,Polyline,""
cv_1441,1837,,Polyline,""
cv_1442,1838,,Polyline,""
cv_1443,183B,,Polyline,""
cv_1444,183C,,Polyline,""
cv_1445,183D,,Polyline,""
cv_1446,1844,,Polyline,""
cv_1447,1846,,Polyline,""
cv_1448,1847,,Polyline,""
cv_1449,1849,,Polyline,""
cv_1450,184A,,Polyline,""
cv_1451,191F,,Polyline,""
cv_1452,1924,,Polyline,""
cv_1453,1927,,Polyline,""
cv_1454,1929,,Polyline,""
cv_1455,192A,,Polyline,""
cv_1456,192B,,Polyline,""
cv_1457,192C,,Polyline,""
cv_1458,192D,,Polyline,""
cv_1459,192E,,Polyline,""
cv_1460,192F,,Polyline,""
cv_1461,1931,,Polyline,""
cv_1462,1933,,Polyline,""
cv_1463,1934,,Polyline,""
cv_1464,1935,,Polyline,""
cv_1465,1936,,Polyline,""
cv_1466,1937,,Polyline,""
cv_1467,1938,,Polyline,""
cv_1468,1939,,Polyline,""
cv_1469,193A,,Polyline,""
cv_1470,193B,,Polyline,""
cv_1471,193C,,Polyline,""
cv_1472,193D,,Polyline,""
cv_1473,193E,,Polyline,""
cv_1474,193F,,Polyline,""
cv_1475,1940,,Polyline,""
cv_1476,1943,,Polyline,""
cv_1477,1945,,Polyline,""
cv_1478,1946,,Polyline,""
cv_1479,1948,,Polyline,""
cv_1480,1949,,Polyline,""
cv_1481,194A,,Polyline,""
cv_1482,194B,,Polyline,""
cv_1483,194C,,Polyline,""
cv_1484,194D,,Polyline,""
cv_1485,194E,,Polyline,""
cv_1486,194F,,Polyline,""
cv_1487,1950,,Polyline,""
cv_1488,1951,,Polyline,""
cv_1489,1952,,Polyline,""
cv_1490,1953,,Polyline,""
cv_1491,1954,,Polyline,""
cv_1492,1955,,Polyline,""
cv_1493,1957,,Polyline,""
cv_1494,1958,,Polyline,""
cv_1495,195A,,Polyline,""
cv_1496,195B,,Polyline,""
cv_1497,195C,,Polyline,""
cv_1498,19E4,,Polyline,""
cv_1499,19E5,,Polyline,""
cv_1500,19DD,,Polyline,""
cv_1501,19E2,,Polyline,""
cv_1502,19E3,,Polyline,""
cv_1503,19E4,,Polyline,""
cv_1504,19E5,,Polyline,""
cv_1505,19E7,,Polyline,""
cv_1506,19E8,,Polyline,""
cv_1507,19E9,,Polyline,""
cv_1508,19EA,,Polyline,""
cv_1509,19EB,,Polyline,""
cv_1510,19EC,,Polyline,""
cv_1511,19ED,,Polyline,""
cv_1512,19EF,,Polyline,""
cv_1513,19F0,,Polyline,""
cv_1514,19F1,,Polyline,""
cv_1515,19F2,,Polyline,""
cv_1516,19F3,,Polyline,""
cv_1517,19DE,,Text,""
cv_1518,19EE,,Text,""
cv_1522,86,158F,Polyline,"Lane_1"
cv_1523,8B,158F,Polyline,"Lane_1"
cv_1525,86,1592,Polyline,"Lane_2"
cv_1526,8B,1592,Polyline,"Lane_2"
cv_1528,86,15F8,Polyline,"Lane_3"
cv_1529,8B,15F8,Polyline,"Lane_3"
cv_1531,86,16AE,Polyline,"Lane_4"
cv_1532,8B,16AE,Polyline,"Lane_4"
cv_1534,86,16C7,Polyline,"Lane_5"
cv_1535,8B,16C7,Polyline,"Lane_5"
cv_1537,86,158F,Polyline,"Lane_6"
cv_1538,8B,158F,Polyline,"Lane_6"
cv_1540,86,1592,Polyline,"Lane_7"
cv_1541,8B,1592,Polyline,"Lane_7"
cv_1543,86,15F8,Polyline,"Lane_8"
cv_1544,8B,15F8,Polyline,"Lane_8"
cv_1546,86,16AE,Polyline,"Lane_9"
cv_1547,8B,16AE,Polyline,"Lane_9"
cv_1549,86,16C7,Polyline,"Lane_10"
cv_1550,8B,16C7,Polyline,"Lane_10"
cv_1552,D66,,Polyline,""
cv_1553,D6C,,Polyline,""
cv_1554,15B9,,Polyline,""
cv_1555,15BA,,Polyline,""
cv_1556,D66,,Polyline,""
cv_1557,D6C,,Polyline,""
cv_1558,D6F,,Polyline,""
cv_1559,DA6,,Polyline,""
cv_1560,DA7,,Polyline,""
cv_1561,DB9,,Polyline,""
cv_1562,DF3,,Polyline,""
cv_1563,E8F,,Polyline,""
cv_1564,1547,,Polyline,""
cv_1565,15B9,,Polyline,""
cv_1566,15BA,,Polyline,""
cv_1567,1960,,Text,""
cv_1568,D6D,,Polyline,""
cv_1569,FA6,,Polyline,""
cv_1570,11CA,,Polyline,""
cv_1571,126F,,Polyline,""
cv_1572,1270,,Polyline,""
cv_1573,1547,,Polyline,""
cv_1574,D6D,,Polyline,""
cv_1575,DBC,,Polyline,""
cv_1576,DF6,,Polyline,""
cv_1577,DF7,,Polyline,""
cv_1578,DF8,,Polyline,""
cv_1579,DFE,,Polyline,""
cv_1580,DFF,,Polyline,""
cv_1581,FA6,,Polyline,""
cv_1582,FAA,,Polyline,""
cv_1583,FAB,,Polyline,""
cv_1584,11CA,,Polyline,""
cv_1585,126F,,Polyline,""
cv_1586,1270,,Polyline,""
cv_1587,1294,,Polyline,""
cv_1588,152D,,Polyline,""
cv_1589,1960,,Text,""
cv_1590,1962,,Polyline,""
cv_1591,1962,,Polyline,""
cv_1592,D66,,Polyline,""
cv_1593,DA4,,Text,""
cv_1594,E98,,Text,""
cv_1595,DB2,,Text,""
cv_1596,11C9,,Text,""
cv_1597,11D9,,Text,""
cv_1598,11DA,,Text,""
cv_1599,120B,,Text,""
cv_1600,126D,,Text,""
cv_1601,12A7,,Text,""
cv_1602,18F6,,Text,""
cv_1603,1960,,Text,""
cv_1604,1971,,Text,""
cv_1608,E3B,,Solid,""
cv_1609,E3B,,Solid,""
cv_1610,E91,,Solid,""
cv_1611,E91,,Solid,""
cv_1612,F28,,Solid,""
cv_1613,F28,,Solid,""
cv_1614,117E,,Solid,""
cv_1615,117E,,Solid,""
cv_1616,13C7,,Solid,""
cv_1617,13C7,,Solid,""
cv_1618,14A4,,Solid,""
cv_1619,14A4,,Solid,""
cv_1620,1514,,Solid,""
cv_1621,1514,,Solid,""
cv_1622,198E,,Solid,""
cv_1623,198E,,Solid,""
cv_1625,D6E,,Polyline,""
cv_1626,D76,,Polyline,""
cv_1627,1561,,Polyline,""
cv_1628,15A9,,Polyline,""
cv_1629,15BC,,Text,""
cv_1630,D6E,,Polyline,""
cv_1631,D73,,Polyline,""
cv_1632,D76,,Polyline,""
cv_1633,D9C,,Polyline,""
cv_1634,DEC,,Polyline,""
cv_1635,11B3,,Polyline,""
cv_1636,11B4,,Polyline,""
cv_1637,14B8,,Polyline,""
cv_1638,154A,,Polyline,""
cv_1639,1561,,Polyline,""
cv_1640,15A9,,Polyline,""
cv_1641,195F,,Text,""
cv_1642,19DF,,Text,""
cv_1643,154A,,Polyline,""
cv_1644,15BC,,Text,""
cv_1645,15BC,,Text,""
cv_1646,15BC,,Text,""
cv_1647,15BC,,Text,""
cv_1648,15BC,,Text,""
cv_1649,15BC,,Text,""
cv_1650,177E,,Polyline,""
cv_1651,1961,,Polyline,""
cv_1652,19E0,,Polyline,""
cv_1653,1961,,Polyline,""
cv_1654,19E0,,Polyline,""
cv_1655,D6A,,Text,""
cv_1656,125B,,Text,""
cv_1657,125C,,Text,""
cv_1658,14E9,,Text,""
cv_1659,14F0,,Text,""
cv_1660,1923,,Text,""
cv_1661,F48,,Text,""
cv_1662,F49,,Text,""
cv_1663,11B2,,Text,""
cv_1664,14E0,,Text,""
cv_1665,1209,,Text,""
cv_1666,1275,,Text,""
cv_1667,12C4,,Text,""
cv_1668,1512,,Text,""
cv_1669,185F,,Text,""
cv_1670,15BC,,Text,""
cv_1671,195F,,Text,""
cv_1672,19DF,,Text,""
cv_1673,1970,,Text,""
cv_1674,19E6,,Text,""
cv_1678,1291,,Text,""
cv_1679,12DE,,Text,""
cv_1680,1573,,Text,""
cv_1681,16AB,,Text,""
cv_1682,17BE,,Text,""
cv_1683,1291,,Text,""
cv_1684,1291,,Text,""
cv_1685,1291,,Text,""
cv_1686,1291,,Text,""
cv_1687,1291,,Text,""
cv_1688,1291,,Text,""
cv_1689,1291,,Text,""
cv_1690,1291,,Text,""
cv_1691,1291,,Text,""
cv_1692,1291,,Text,""
cv_1693,1291,,Text,""
cv_1694,1291,,Text,""
cv_1695,12DE,,Text,""
cv_1696,12DE,,Text,""
cv_1697,12DE,,Text,""
cv_1698,12DE,,Text,""
cv_1699,12DE,,Text,""
cv_1700,12DE,,Text,""
cv_1701,12DE,,Text,""
cv_1702,12DE,,Text,""
cv_1703,1573,,Text,""
cv_1704,1573,,Text,""
cv_1705,1573,,Text,""
cv_1706,1573,,Text,""
cv_1707,1573,,Text,""
cv_1708,1573,,Text,""
cv_1709,1573,,Text,""
cv_1710,1578,,Text,""
cv_1711,16AB,,Text,""
cv_1712,17BE,,Text,""
cv_1713,17BE,,Text,""
cv_1714,17BE,,Text,""
cv_1715,17BE,,Text,""
cv_1716,17BE,,Text,""
cv_1717,17BE,,Text,""
cv_1718,17BE,,Text,""
cv_1719,17BE,,Text,""
cv_1720,17BE,,Text,""
cv_1721,17BE,,Text,""
cv_1722,17BE,,Text,""
cv_1723,17BE,,Text,""
cv_1724,17BE,,Text,""
cv_1725,1915,,Text,""
cv_1726,1915,,Text,""
cv_1727,1915,,Text,""
cv_1728,12E6,,Text,""
cv_1729,15A3,,Text,""
cv_1730,15A6,,Text,""
cv_1731,1647,,Text,""
cv_1732,17BC,,Text,""
cv_1733,1801,,Text,""
cv_1734,182F,,Text,""
cv_1735,1850,,Text,""
cv_1736,15A0,,Text,""
cv_1737,1652,,Text,""
cv_1738,1819,,Text,""
cv_1739,D51,,Text,""
cv_1740,D7B,,Text,""
cv_1741,D97,,Text,""
cv_1742,D98,,Text,""
cv_1743,D9A,,Text,""
cv_1744,DA5,,Text,""
cv_1745,DB6,,Text,""
cv_1746,DB7,,Text,""
cv_1747,DB8,,Text,""
cv_1748,DE3,,Text,""
cv_1749,DE9,,Text,""
cv_1750,DF0,,Text,""
cv_1751,E1D,,Text,""
cv_1752,E22,,Text,""
cv_1753,E50,,Text,""
cv_1754,E97,,Text,""
cv_1755,E9C,,Text,""
cv_1756,F61,,Text,""
cv_1757,F83,,Text,""
cv_1758,FB3,,Text,""
cv_1759,FB4,,Text,""
cv_1760,FB5,,Text,""
cv_1761,FB6,,Text,""
cv_1762,FB7,,Text,""
cv_1763,FB8,,Text,""
cv_1764,FB9,,Text,""
cv_1765,FBA,,Text,""
cv_1766,FBB,,Text,""
cv_1767,FBC,,Text,""
cv_1768,FBD,,Text,""
cv_1769,FBE,,Text,""
cv_1770,FE6,,Text,""
cv_1771,1006,,Text,""
cv_1772,1008,,Text,""
cv_1773,100A,,Text,""
cv_1774,1033,,Text,""
cv_1775,1065,,Text,""
cv_1776,10A8,,Text,""
cv_1777,10A9,,Text,""
cv_1778,10BC,,Text,""
cv_1779,10BD,,Text,""
cv_1780,10E6,,Text,""
cv_1781,10F9,,Text,""
cv_1782,10FA,,Text,""
cv_1783,10FC,,Text,""
cv_1784,10FD,,Text,""
cv_1785,1116,,Text,""
cv_1786,1123,,Text,""
cv_1787,1134,,Text,""
cv_1788,1137,,Text,""
cv_1789,114A,,Text,""
cv_1790,114B,,Text,""
cv_1791,1183,,Text,""
cv_1792,1184,,Text,""
cv_1793,1186,,Text,""
cv_1794,1187,,Text,""
cv_1795,1188,,Text,""
cv_1796,1189,,Text,""
cv_1797,118A,,Text,""
cv_1798,118B,,Text,""
cv_1799,118C,,Text,""
cv_1800,11A2,,Text,""
cv_1801,11A3,,Text,""
cv_1802,11BC,,Text,""
cv_1803,11C1,,Text,""
cv_1804,11C2,,Text,""
cv_1805,11C3,,Text,""
cv_1806,11C4,,Text,""
cv_1807,11C5,,Text,""
cv_1808,11C6,,Text,""
cv_1809,11C7,,Text,""
cv_1810,11C8,,Text,""
cv_1811,11DB,,Text,""
cv_1812,11DC,,Text,""
cv_1813,11EE,,Text,""
cv_1814,11FD,,Text,""
cv_1815,11FE,,Text,""
cv_1816,11FF,,Text,""
cv_1817,1200,,Text,""
cv_1818,1201,,Text,""
cv_1819,1205,,Text,""
cv_1820,1206,,Text,""
cv_1821,1207,,Text,""
cv_1822,1208,,Text,""
cv_1823,120A,,Text,""
cv_1824,120C,,Text,""
cv_1825,1243,,Text,""
cv_1826,1246,,Text,""
cv_1827,1262,,Text,""
cv_1828,1265,,Text,""
cv_1829,1266,,Text,""
cv_1830,1268,,Text,""
cv_1831,1269,,Text,""
cv_1832,126A,,Text,""
cv_1833,1271,,Text,""
cv_1834,1272,,Text,""
cv_1835,1274,,Text,""
cv_1836,1277,,Text,""
cv_1837,1278,,Text,""
cv_1838,127C,,Text,""
cv_1839,127F,,Text,""
cv_1840,1286,,Text,""
cv_1841,1287,,Text,""
cv_1842,1289,,Text,""
cv_1843,128A,,Text,""
cv_1844,128D,,Text,""
cv_1845,1291,,Text,""
cv_1846,1292,,Text,""
cv_1847,1299,,Text,""
cv_1848,12AA,,Text,""
cv_1849,12BE,,Text,""
cv_1850,12CC,,Text,""
cv_1851,12CF,,Text,""
cv_1852,12D1,,Text,""
cv_1853,12D3,,Text,""
cv_1854,12D4,,Text,""
cv_1855,12DE,,Text,""
cv_1856,12E6,,Text,""
cv_1857,12FC,,Text,""
cv_1858,134D,,Text,""
cv_1859,1353,,Text,""
cv_1860,1354,,Text,""
cv_1861,137D,,Text,""
cv_1862,137E,,Text,""
cv_1863,137F,,Text,""
cv_1864,1380,,Text,""
cv_1865,13CC,,Text,""
cv_1866,13CD,,Text,""
cv_1867,13CE,,Text,""
cv_1868,13CF,,Text,""
cv_1869,13D0,,Text,""
cv_1870,13E5,,Text,""
cv_1871,13E7,,Text,""
cv_1872,1420,,Text,""
cv_1873,146D,,Text,""
cv_1874,14A7,,Text,""
cv_1875,14A8,,Text,""
cv_1876,14A9,,Text,""
cv_1877,14AB,,Text,""
cv_1878,14AF,,Text,""
cv_1879,14B0,,Text,""
cv_1880,14B1,,Text,""
cv_1881,14B4,,Text,""
cv_1882,14CD,,Text,""
cv_1883,14E1,,Text,""
cv_1884,14E4,,Text,""
cv_1885,152E,,Text,""
cv_1886,1532,,Text,""
cv_1887,1534,,Text,""
cv_1888,1537,,Text,""
cv_1889,1539,,Text,""
cv_1890,153A,,Text,""
cv_1891,153B,,Text,""
cv_1892,155B,,Text,""
cv_1893,155C,,Text,""
cv_1894,156A,,Text,""
cv_1895,156C,,Text,""
cv_1896,1575,,Text,""
cv_1897,1576,,Text,""
cv_1898,1577,,Text,""
cv_1899,1578,,Text,""
cv_1900,15A0,,Text,""
cv_1901,15A3,,Text,""
cv_1902,15A6,,Text,""
cv_1903,15D5,,Text,""
cv_1904,1647,,Text,""
cv_1905,1652,,Text,""
cv_1906,168C,,Text,""
cv_1907,16A5,,Text,""
cv_1908,16AB,,Text,""
cv_1909,17BC,,Text,""
cv_1910,17BE,,Text,""
cv_1911,1801,,Text,""
cv_1912,1819,,Text,""
cv_1913,182F,,Text,""
cv_1914,1831,,Text,""
cv_1915,1850,,Text,""
cv_1916,1863,,Text,""
cv_1917,1869,,Text,""
cv_1918,189F,,Text,""
cv_1919,18B4,,Text,""
cv_1920,18FB,,Text,""
cv_1921,18FD,,Text,""
cv_1922,18FE,,Text,""
cv_1923,18FF,,Text,""
cv_1924,1908,,Text,""
cv_1925,190D,,Text,""
cv_1926,1913,,Text,""
cv_1927,1914,,Text,""
cv_1928,1915,,Text,""
cv_1929,1916,,Text,""
cv_1930,1917,,Text,""
cv_1931,1918,,Text,""
cv_1932,1920,,Text,""
cv_1933,1944,,Text,""
cv_1934,1947,,Text,""
cv_1935,1956,,Text,""
cv_1936,1973,,Text,""
cv_1937,1974,,Text,""
cv_1938,1975,,Text,""
cv_1939,1981,,Text,""
cv_1940,1984,,Text,""
cv_1941,199F,,Text,""
cv_1942,19D2,,Text,""
cv_1943,19DC,,Text,""
cv_1944,11AC,,Text,""
cv_1945,1273,,Text,""
cv_1946,12C5,,Text,""
cv_1947,13CB,,Text,""
cv_1948,14B2,,Text,""
cv_1949,152A,,Text,""
cv_1950,1570,,Text,""
cv_1951,18F7,,Text,""
cv_1952,18FA,,Text,""
cv_1953,1925,,Text,""
cv_1954,1573,,Text,""
cv_1958,16F1,,Line,""
cv_1959,16F3,,Line,""
cv_1960,16F1,,Line,""
cv_1961,16F3,,Line,""
cv_1962,1798,,Line,""
cv_1963,1584,,Line,""
cv_1964,1585,,Line,""
cv_1965,1587,,Line,""
cv_1966,158A,,Line,""
cv_1967,164D,,Line,""
cv_1968,164E,,Line,""
cv_1969,1655,,Line,""
cv_1970,1656,,Line,""
cv_1971,1658,,Line,""
cv_1972,1659,,Line,""
cv_1973,165A,,Line,""
cv_1974,165B,,Line,""
cv_1975,165C,,Line,""
cv_1976,165D,,Line,""
cv_1977,165E,,Line,""
cv_1978,165F,,Line,""
cv_1979,1660,,Line,""
cv_1980,1661,,Line,""
cv_1981,1662,,Line,""
cv_1982,1663,,Line,""
cv_1983,1664,,Line,""
cv_1984,1665,,Line,""
cv_1985,166A,,Line,""
cv_1986,1671,,Line,""
cv_1987,1673,,Line,""
cv_1988,1674,,Line,""
cv_1989,1675,,Line,""
cv_1990,1676,,Line,""
cv_1991,1677,,Line,""
cv_1992,1678,,Line,""
cv_1993,1679,,Line,""
cv_1994,167A,,Line,""
cv_1995,167B,,Line,""
cv_1996,167C,,Line,""
cv_1997,167D,,Line,""
cv_1998,167E,,Line,""
cv_1999,167F,,Line,""
cv_2000,1680,,Line,""
cv_2001,1681,,Line,""
cv_2002,1682,,Line,""
cv_2003,1683,,Line,""
cv_2004,1684,,Line,""
cv_2005,1685,,Line,""
cv_2006,1686,,Line,""
cv_2007,1687,,Line,""
cv_2008,1688,,Line,""
cv_2009,1689,,Line,""
cv_2010,168A,,Line,""
cv_2011,168B,,Line,""
cv_2012,169D,,Line,""
cv_2013,169E,,Line,""
cv_2014,169F,,Line,""
cv_2015,16A0,,Line,""
cv_2016,16A1,,Line,""
cv_2017,16AC,,Line,""
cv_2018,16AD,,Line,""
cv_2019,16B0,,Line,""
cv_2020,16E7,,Line,""
cv_2021,16E8,,Line,""
cv_2022,16E9,,Line,""
cv_2023,16F4,,Line,""
cv_2024,16F9,,Line,""
cv_2025,16FA,,Line,""
cv_2026,16FB,,Line,""
cv_2027,16FC,,Line,""
cv_2028,16FD,,Line,""
cv_2029,16FE,,Line,""
cv_2030,16FF,,Line,""
cv_2031,1700,,Line,""
cv_2032,1701,,Line,""
cv_2033,1702,,Line,""
cv_2034,1703,,Line,""
cv_2035,1704,,Line,""
cv_2036,1705,,Line,""
cv_2037,1706,,Line,""
cv_2038,1707,,Line,""
cv_2039,1708,,Line,""
cv_2040,1709,,Line,""
cv_2041,170B,,Line,""
cv_2042,170C,,Line,""
cv_2043,170D,,Line,""
cv_2044,170E,,Line,""
cv_2045,170F,,Line,""
cv_2046,1710,,Line,""
cv_2047,1711,,Line,""
cv_2048,1712,,Line,""
cv_2049,1713,,Line,""
cv_2050,1714,,Line,""
cv_2051,1717,,Line,""
cv_2052,1718,,Line,""
cv_2053,1719,,Line,""
cv_2054,171A,,Line,""
cv_2055,171E,,Line,""
cv_2056,171F,,Line,""
cv_2057,1720,,Line,""
cv_2058,1721,,Line,""
cv_2059,1722,,Line,""
cv_2060,1723,,Line,""
cv_2061,1724,,Line,""
cv_2062,1725,,Line,""
cv_2063,1726,,Line,""
cv_2064,1727,,Line,""
cv_2065,1728,,Line,""
cv_2066,1729,,Line,""
cv_2067,172A,,Line,""
cv_2068,172B,,Line,""
cv_2069,172C,,Line,""
cv_2070,172D,,Line,""
cv_2071,172E,,Line,""
cv_2072,172F,,Line,""
cv_2073,1730,,Line,""
cv_2074,1731,,Line,""
cv_2075,1733,,Line,""
cv_2076,17C2,,Line,""
cv_2077,17C3,,Line,""
cv_2078,17C6,,Line,""
cv_2079,17CA,,Line,""
cv_2080,17CC,,Line,""
cv_2081,17CD,,Line,""
cv_2082,17CF,,Line,""
cv_2083,17D1,,Line,""
cv_2084,17D2,,Line,""
cv_2085,17D3,,Line,""
cv_2086,17D4,,Line,""
cv_2087,17D5,,Line,""
cv_2088,17D6,,Line,""
cv_2089,17D7,,Line,""
cv_2090,17D8,,Line,""
cv_2091,17D9,,Line,""
cv_2092,17DA,,Line,""
cv_2093,17DB,,Line,""
cv_2094,17DC,,Line,""
cv_2095,17DF,,Line,""
cv_2096,17E0,,Line,""
cv_2097,17E1,,Line,""
cv_2098,17E2,,Line,""
cv_2099,17E3,,Line,""
cv_2100,17E4,,Line,""
cv_2101,17E5,,Line,""
cv_2102,17E6,,Line,""
cv_2103,17E7,,Line,""
cv_2104,17E8,,Line,""
cv_2105,17EA,,Line,""
cv_2106,17EB,,Line,""
cv_2107,17EC,,Line,""
cv_2108,17ED,,Line,""
cv_2109,17EE,,Line,""
cv_2110,17EF,,Line,""
cv_2111,17F0,,Line,""
cv_2112,17F1,,Line,""
cv_2113,17F2,,Line,""
cv_2114,17F3,,Line,""
cv_2115,17F4,,Line,""
cv_2116,17F5,,Line,""
cv_2117,17F6,,Line,""
cv_2118,17F7,,Line,""
cv_2119,17FA,,Line,""
cv_2120,17FB,,Line,""
cv_2121,17FC,,Line,""
cv_2122,1803,,Line,""
cv_2123,1804,,Line,""
cv_2124,1805,,Line,""
cv_2125,1806,,Line,""
cv_2126,181A,,Line,""
cv_2127,181B,,Line,""
cv_2128,181C,,Line,""
cv_2129,181D,,Line,""
cv_2130,181E,,Line,""
cv_2131,181F,,Line,""
cv_2132,1820,,Line,""
cv_2133,1821,,Line,""
cv_2134,1822,,Line,""
cv_2135,1823,,Line,""
cv_2136,1824,,Line,""
cv_2137,1825,,Line,""
cv_2138,D4D,,Line,""
cv_2139,D4E,,Line,""
cv_2140,D62,,Line,""
cv_2141,D63,,Line,""
cv_2142,D93,,Line,""
cv_2143,D95,,Line,""
cv_2144,D96,,Line,""
cv_2145,DBA,,Line,""
cv_2146,DBD,,Line,""
cv_2147,DBE,,Line,""
cv_2148,DBF,,Line,""
cv_2149,DC0,,Line,""
cv_2150,DC2,,Line,""
cv_2151,DC3,,Line,""
cv_2152,DC4,,Line,""
cv_2153,DC5,,Line,""
cv_2154,DC6,,Line,""
cv_2155,DC7,,Line,""
cv_2156,DC8,,Line,""
cv_2157,DC9,,Line,""
cv_2158,DCC,,Line,""
cv_2159,DCD,,Line,""
cv_2160,DCE,,Line,""
cv_2161,DCF,,Line,""
cv_2162,DD0,,Line,""
cv_2163,DD1,,Line,""
cv_2164,DD2,,Line,""
cv_2165,DD3,,Line,""
cv_2166,DD4,,Line,""
cv_2167,DD5,,Line,""
cv_2168,DD6,,Line,""
cv_2169,DD7,,Line,""
cv_2170,DD8,,Line,""
cv_2171,DD9,,Line,""
cv_2172,DDA,,Line,""
cv_2173,DDB,,Line,""
cv_2174,DDC,,Line,""
cv_2175,DDD,,Line,""
cv_2176,DDE,,Line,""
cv_2177,DDF,,Line,""
cv_2178,DE0,,Line,""
cv_2179,DE1,,Line,""
cv_2180,DE2,,Line,""
cv_2181,DE7,,Line,""
cv_2182,DFD,,Line,""
cv_2183,E00,,Line,""
cv_2184,E01,,Line,""
cv_2185,E02,,Line,""
cv_2186,E03,,Line,""
cv_2187,E04,,Line,""
cv_2188,E05,,Line,""
cv_2189,E06,,Line,""
cv_2190,E07,,Line,""
cv_2191,E08,,Line,""
cv_2192,E09,,Line,""
cv_2193,E0A,,Line,""
cv_2194,E0B,,Line,""
cv_2195,E0C,,Line,""
cv_2196,E0D,,Line,""
cv_2197,E0E,,Line,""
cv_2198,E0F,,Line,""
cv_2199,E10,,Line,""
cv_2200,E11,,Line,""
cv_2201,E12,,Line,""
cv_2202,E13,,Line,""
cv_2203,E14,,Line,""
cv_2204,E15,,Line,""
cv_2205,E16,,Line,""
cv_2206,E17,,Line,""
cv_2207,E18,,Line,""
cv_2208,E19,,Line,""
cv_2209,E1A,,Line,""
cv_2210,E1B,,Line,""
cv_2211,E1E,,Line,""
cv_2212,E1F,,Line,""
cv_2213,E21,,Line,""
cv_2214,E27,,Line,""
cv_2215,E29,,Line,""
cv_2216,E2A,,Line,""
cv_2217,E2B,,Line,""
cv_2218,E2C,,Line,""
cv_2219,E2D,,Line,""
cv_2220,E2E,,Line,""
cv_2221,E2F,,Line,""
cv_2222,E30,,Line,""
cv_2223,E31,,Line,""
cv_2224,E32,,Line,""
cv_2225,E33,,Line,""
cv_2226,E34,,Line,""
cv_2227,E35,,Line,""
cv_2228,E36,,Line,""
cv_2229,E37,,Line,""
cv_2230,E38,,Line,""
cv_2231,E39,,Line,""
cv_2232,E3F,,Line,""
cv_2233,E40,,Line,""
cv_2234,E41,,Line,""
cv_2235,E42,,Line,""
cv_2236,E46,,Line,""
cv_2237,E48,,Line,""
cv_2238,E4A,,Line,""
cv_2239,E4B,,Line,""
cv_2240,E4C,,Line,""
cv_2241,E4D,,Line,""
cv_2242,E52,,Line,""
cv_2243,E53,,Line,""
cv_2244,E54,,Line,""
cv_2245,E55,,Line,""
cv_2246,E56,,Line,""
cv_2247,E57,,Line,""
cv_2248,E58,,Line,""
cv_2249,E59,,Line,""
cv_2250,E5A,,Line,""
cv_2251,E5B,,Line,""
cv_2252,E5C,,Line,""
cv_2253,E5D,,Line,""
cv_2254,E5E,,Line,""
cv_2255,E60,,Line,""
cv_2256,E61,,Line,""
cv_2257,E62,,Line,""
cv_2258,E65,,Line,""
cv_2259,E66,,Line,""
cv_2260,E67,,Line,""
cv_2261,E68,,Line,""
cv_2262,E69,,Line,""
cv_2263,E6A,,Line,""
cv_2264,E6B,,Line,""
cv_2265,E6C,,Line,""
cv_2266,E6D,,Line,""
cv_2267,E6E,,Line,""
cv_2268,E6F,,Line,""
cv_2269,E70,,Line,""
cv_2270,E71,,Line,""
cv_2271,E72,,Line,""
cv_2272,E74,,Line,""
cv_2273,E75,,Line,""
cv_2274,E76,,Line,""
cv_2275,E77,,Line,""
cv_2276,E78,,Line,""
cv_2277,E79,,Line,""
cv_2278,E7A,,Line,""
cv_2279,E7B,,Line,""
cv_2280,E7C,,Line,""
cv_2281,E7D,,Line,""
cv_2282,E7E,,Line,""
cv_2283,E85,,Line,""
cv_2284,E86,,Line,""
cv_2285,E87,,Line,""
cv_2286,E88,,Line,""
cv_2287,E8D,,Line,""
cv_2288,E93,,Line,""
cv_2289,E94,,Line,""
cv_2290,E95,,Line,""
cv_2291,E96,,Line,""
cv_2292,E9A,,Line,""
cv_2293,E9D,,Line,""
cv_2294,E9E,,Line,""
cv_2295,E9F,,Line,""
cv_2296,EA0,,Line,""
cv_2297,EA1,,Line,""
cv_2298,EA2,,Line,""
cv_2299,EA3,,Line,""
cv_2300,EA4,,Line,""
cv_2301,EA5,,Line,""
cv_2302,EA6,,Line,""
cv_2303,EA7,,Line,""
cv_2304,EA8,,Line,""
cv_2305,EAA,,Line,""
cv_2306,EAB,,Line,""
cv_2307,EAC,,Line,""
cv_2308,EAE,,Line,""
cv_2309,EAF,,Line,""
cv_2310,EB0,,Line,""
cv_2311,EB1,,Line,""
cv_2312,EB2,,Line,""
cv_2313,EB3,,Line,""
cv_2314,EB4,,Line,""
cv_2315,EB5,,Line,""
cv_2316,EB6,,Line,""
cv_2317,EB7,,Line,""
cv_2318,EB8,,Line,""
cv_2319,EB9,,Line,""
cv_2320,EBA,,Line,""
cv_2321,EBB,,Line,""
cv_2322,EBC,,Line,""
cv_2323,EBD,,Line,""
cv_2324,EBE,,Line,""
cv_2325,EBF,,Line,""
cv_2326,EC0,,Line,""
cv_2327,EC1,,Line,""
cv_2328,EC3,,Line,""
cv_2329,EC4,,Line,""
cv_2330,EC5,,Line,""
cv_2331,EC6,,Line,""
cv_2332,EC7,,Line,""
cv_2333,EC8,,Line,""
cv_2334,EC9,,Line,""
cv_2335,ECA,,Line,""
cv_2336,ECB,,Line,""
cv_2337,ECD,,Line,""
cv_2338,ECE,,Line,""
cv_2339,ECF,,Line,""
cv_2340,ED0,,Line,""
cv_2341,ED1,,Line,""
cv_2342,ED2,,Line,""
cv_2343,ED3,,Line,""
cv_2344,ED5,,Line,""
cv_2345,ED6,,Line,""
cv_2346,ED7,,Line,""
cv_2347,ED8,,Line,""
cv_2348,ED9,,Line,""
cv_2349,EDA,,Line,""
cv_2350,EDB,,Line,""
cv_2351,EDC,,Line,""
cv_2352,EDF,,Line,""
cv_2353,EE0,,Line,""
cv_2354,EE1,,Line,""
cv_2355,EE2,,Line,""
cv_2356,EE3,,Line,""
cv_2357,EE4,,Line,""
cv_2358,EE5,,Line,""
cv_2359,EE6,,Line,""
cv_2360,EE7,,Line,""
cv_2361,EE8,,Line,""
cv_2362,EE9,,Line,""
cv_2363,EEA,,Line,""
cv_2364,EEB,,Line,""
cv_2365,EED,,Line,""
cv_2366,EEE,,Line,""
cv_2367,EEF,,Line,""
cv_2368,EF0,,Line,""
cv_2369,EF1,,Line,""
cv_2370,EF2,,Line,""
cv_2371,EF3,,Line,""
cv_2372,EF4,,Line,""
cv_2373,EF5,,Line,""
cv_2374,EF6,,Line,""
cv_2375,EF7,,Line,""
cv_2376,EF8,,Line,""
cv_2377,EF9,,Line,""
cv_2378,EFA,,Line,""
cv_2379,EFB,,Line,""
cv_2380,EFC,,Line,""
cv_2381,EFD,,Line,""
cv_2382,EFE,,Line,""
cv_2383,EFF,,Line,""
cv_2384,F00,,Line,""
cv_2385,F01,,Line,""
cv_2386,F02,,Line,""
cv_2387,F03,,Line,""
cv_2388,F04,,Line,""
cv_2389,F05,,Line,""
cv_2390,F06,,Line,""
cv_2391,F07,,Line,""
cv_2392,F08,,Line,""
cv_2393,F09,,Line,""
cv_2394,F0A,,Line,""
cv_2395,F0D,,Line,""
cv_2396,F0E,,Line,""
cv_2397,F0F,,Line,""
cv_2398,F11,,Line,""
cv_2399,F12,,Line,""
cv_2400,F13,,Line,""
cv_2401,F14,,Line,""
cv_2402,F15,,Line,""
cv_2403,F16,,Line,""
cv_2404,F17,,Line,""
cv_2405,F18,,Line,""
cv_2406,F19,,Line,""
cv_2407,F1B,,Line,""
cv_2408,F1C,,Line,""
cv_2409,F22,,Line,""
cv_2410,F23,,Line,""
cv_2411,F24,,Line,""
cv_2412,F25,,Line,""
cv_2413,F26,,Line,""
cv_2414,F29,,Line,""
cv_2415,F2B,,Line,""
cv_2416,F2C,,Line,""
cv_2417,F2D,,Line,""
cv_2418,F2E,,Line,""
cv_2419,F30,,Line,""
cv_2420,F31,,Line,""
cv_2421,F32,,Line,""
cv_2422,F33,,Line,""
cv_2423,F34,,Line,""
cv_2424,F35,,Line,""
cv_2425,F36,,Line,""
cv_2426,F37,,Line,""
cv_2427,F38,,Line,""
cv_2428,F39,,Line,""
cv_2429,F3A,,Line,""
cv_2430,F3B,,Line,""
cv_2431,F3C,,Line,""
cv_2432,F3D,,Line,""
cv_2433,F3E,,Line,""
cv_2434,F3F,,Line,""
cv_2435,F40,,Line,""
cv_2436,F41,,Line,""
cv_2437,F44,,Line,""
cv_2438,F46,,Line,""
cv_2439,F47,,Line,""
cv_2440,F4A,,Line,""
cv_2441,F4E,,Line,""
cv_2442,F4F,,Line,""
cv_2443,F50,,Line,""
cv_2444,F51,,Line,""
cv_2445,F52,,Line,""
cv_2446,F53,,Line,""
cv_2447,F57,,Line,""
cv_2448,F58,,Line,""
cv_2449,F59,,Line,""
cv_2450,F5A,,Line,""
cv_2451,F5D,,Line,""
cv_2452,F5E,,Line,""
cv_2453,F5F,,Line,""
cv_2454,F66,,Line,""
cv_2455,F67,,Line,""
cv_2456,F68,,Line,""
cv_2457,F69,,Line,""
cv_2458,F6A,,Line,""
cv_2459,F6B,,Line,""
cv_2460,F6C,,Line,""
cv_2461,F6D,,Line,""
cv_2462,F6E,,Line,""
cv_2463,F6F,,Line,""
cv_2464,F70,,Line,""
cv_2465,F71,,Line,""
cv_2466,F72,,Line,""
cv_2467,F73,,Line,""
cv_2468,F74,,Line,""
cv_2469,F75,,Line,""
cv_2470,F76,,Line,""
cv_2471,F77,,Line,""
cv_2472,F78,,Line,""
cv_2473,F79,,Line,""
cv_2474,F7A,,Line,""
cv_2475,F7B,,Line,""
cv_2476,F7C,,Line,""
cv_2477,F7D,,Line,""
cv_2478,F7E,,Line,""
cv_2479,F7F,,Line,""
cv_2480,F80,,Line,""
cv_2481,F81,,Line,""
cv_2482,F84,,Line,""
cv_2483,F85,,Line,""
cv_2484,F86,,Line,""
cv_2485,F87,,Line,""
cv_2486,F88,,Line,""
cv_2487,F89,,Line,""
cv_2488,F8A,,Line,""
cv_2489,F8B,,Line,""
cv_2490,F8C,,Line,""
cv_2491,F8D,,Line,""
cv_2492,F8E,,Line,""
cv_2493,F8F,,Line,""
cv_2494,F90,,Line,""
cv_2495,F91,,Line,""
cv_2496,F92,,Line,""
cv_2497,F93,,Line,""
cv_2498,F94,,Line,""
cv_2499,F95,,Line,""
cv_2500,F96,,Line,""
cv_2501,F97,,Line,""
cv_2502,F98,,Line,""
cv_2503,F99,,Line,""
cv_2504,F9A,,Line,""
cv_2505,FA1,,Line,""
cv_2506,FA3,,Line,""
cv_2507,FA4,,Line,""
cv_2508,FDD,,Line,""
cv_2509,FE1,,Line,""
cv_2510,FE2,,Line,""
cv_2511,FEB,,Line,""
cv_2512,FEC,,Line,""
cv_2513,FED,,Line,""
cv_2514,FEE,,Line,""
cv_2515,FEF,,Line,""
cv_2516,FF0,,Line,""
cv_2517,FF1,,Line,""
cv_2518,FF2,,Line,""
cv_2519,FF3,,Line,""
cv_2520,FF4,,Line,""
cv_2521,FF5,,Line,""
cv_2522,FF6,,Line,""
cv_2523,FF7,,Line,""
cv_2524,FF8,,Line,""
cv_2525,FFA,,Line,""
cv_2526,FFB,,Line,""
cv_2527,FFC,,Line,""
cv_2528,FFD,,Line,""
cv_2529,FFE,,Line,""
cv_2530,FFF,,Line,""
cv_2531,1000,,Line,""
cv_2532,1001,,Line,""
cv_2533,1002,,Line,""
cv_2534,1003,,Line,""
cv_2535,1004,,Line,""
cv_2536,1005,,Line,""
cv_2537,1017,,Line,""
cv_2538,1018,,Line,""
cv_2539,101A,,Line,""
cv_2540,101B,,Line,""
cv_2541,101C,,Line,""
cv_2542,101D,,Line,""
cv_2543,101E,,Line,""
cv_2544,101F,,Line,""
cv_2545,1020,,Line,""
cv_2546,1021,,Line,""
cv_2547,1022,,Line,""
cv_2548,1023,,Line,""
cv_2549,1024,,Line,""
cv_2550,1025,,Line,""
cv_2551,1026,,Line,""
cv_2552,1028,,Line,""
cv_2553,1029,,Line,""
cv_2554,102A,,Line,""
cv_2555,102B,,Line,""
cv_2556,102D,,Line,""
cv_2557,102E,,Line,""
cv_2558,102F,,Line,""
cv_2559,1030,,Line,""
cv_2560,1031,,Line,""
cv_2561,1035,,Line,""
cv_2562,1036,,Line,""
cv_2563,1037,,Line,""
cv_2564,1038,,Line,""
cv_2565,1039,,Line,""
cv_2566,103A,,Line,""
cv_2567,103B,,Line,""
cv_2568,103C,,Line,""
cv_2569,103E,,Line,""
cv_2570,103F,,Line,""
cv_2571,1040,,Line,""
cv_2572,1041,,Line,""
cv_2573,1042,,Line,""
cv_2574,1043,,Line,""
cv_2575,1044,,Line,""
cv_2576,1045,,Line,""
cv_2577,1046,,Line,""
cv_2578,1047,,Line,""
cv_2579,1048,,Line,""
cv_2580,1049,,Line,""
cv_2581,104A,,Line,""
cv_2582,104B,,Line,""
cv_2583,104C,,Line,""
cv_2584,104D,,Line,""
cv_2585,104E,,Line,""
cv_2586,104F,,Line,""
cv_2587,1050,,Line,""
cv_2588,1051,,Line,""
cv_2589,1052,,Line,""
cv_2590,1053,,Line,""
cv_2591,1054,,Line,""
cv_2592,1055,,Line,""
cv_2593,1056,,Line,""
cv_2594,1057,,Line,""
cv_2595,1058,,Line,""
cv_2596,1059,,Line,""
cv_2597,105A,,Line,""
cv_2598,105B,,Line,""
cv_2599,105C,,Line,""
cv_2600,105D,,Line,""
cv_2601,105E,,Line,""
cv_2602,105F,,Line,""
cv_2603,1060,,Line,""
cv_2604,1063,,Line,""
cv_2605,1066,,Line,""
cv_2606,1067,,Line,""
cv_2607,1068,,Line,""
cv_2608,1069,,Line,""
cv_2609,106A,,Line,""
cv_2610,106B,,Line,""
cv_2611,106C,,Line,""
cv_2612,106D,,Line,""
cv_2613,106E,,Line,""
cv_2614,106F,,Line,""
cv_2615,1070,,Line,""
cv_2616,1071,,Line,""
cv_2617,1072,,Line,""
cv_2618,1073,,Line,""
cv_2619,1074,,Line,""
cv_2620,1075,,Line,""
cv_2621,1077,,Line,""
cv_2622,1079,,Line,""
cv_2623,107A,,Line,""
cv_2624,107D,,Line,""
cv_2625,1082,,Line,""
cv_2626,1084,,Line,""
cv_2627,108A,,Line,""
cv_2628,108B,,Line,""
cv_2629,108C,,Line,""
cv_2630,108D,,Line,""
cv_2631,108E,,Line,""
cv_2632,108F,,Line,""
cv_2633,1090,,Line,""
cv_2634,1091,,Line,""
cv_2635,1092,,Line,""
cv_2636,1093,,Line,""
cv_2637,1094,,Line,""
cv_2638,1095,,Line,""
cv_2639,1096,,Line,""
cv_2640,1097,,Line,""
cv_2641,1098,,Line,""
cv_2642,1099,,Line,""
cv_2643,109A,,Line,""
cv_2644,109C,,Line,""
cv_2645,109D,,Line,""
cv_2646,10A1,,Line,""
cv_2647,10A2,,Line,""
cv_2648,10AA,,Line,""
cv_2649,10B0,,Line,""
cv_2650,10B1,,Line,""
cv_2651,10B2,,Line,""
cv_2652,10B3,,Line,""
cv_2653,10B4,,Line,""
cv_2654,10B5,,Line,""
cv_2655,10B6,,Line,""
cv_2656,10B7,,Line,""
cv_2657,10B8,,Line,""
cv_2658,10B9,,Line,""
cv_2659,10BA,,Line,""
cv_2660,10C9,,Line,""
cv_2661,10CA,,Line,""
cv_2662,10CB,,Line,""
cv_2663,10CC,,Line,""
cv_2664,10CD,,Line,""
cv_2665,10CE,,Line,""
cv_2666,10CF,,Line,""
cv_2667,10D0,,Line,""
cv_2668,10D1,,Line,""
cv_2669,10D2,,Line,""
cv_2670,10D3,,Line,""
cv_2671,10D4,,Line,""
cv_2672,10D5,,Line,""
cv_2673,10D6,,Line,""
cv_2674,10D7,,Line,""
cv_2675,10D8,,Line,""
cv_2676,10D9,,Line,""
cv_2677,10DA,,Line,""
cv_2678,10DB,,Line,""
cv_2679,10DC,,Line,""
cv_2680,10DD,,Line,""
cv_2681,10DE,,Line,""
cv_2682,10DF,,Line,""
cv_2683,10E0,,Line,""
cv_2684,10E1,,Line,""
cv_2685,10E2,,Line,""
cv_2686,10E3,,Line,""
cv_2687,10E4,,Line,""
cv_2688,10E5,,Line,""
cv_2689,10EC,,Line,""
cv_2690,10ED,,Line,""
cv_2691,10EE,,Line,""
cv_2692,10F4,,Line,""
cv_2693,10F5,,Line,""
cv_2694,10F7,,Line,""
cv_2695,10F8,,Line,""
cv_2696,10FE,,Line,""
cv_2697,1100,,Line,""
cv_2698,1101,,Line,""
cv_2699,1102,,Line,""
cv_2700,1103,,Line,""
cv_2701,1104,,Line,""
cv_2702,1105,,Line,""
cv_2703,1106,,Line,""
cv_2704,1107,,Line,""
cv_2705,1108,,Line,""
cv_2706,1109,,Line,""
cv_2707,110A,,Line,""
cv_2708,110B,,Line,""
cv_2709,110C,,Line,""
cv_2710,110D,,Line,""
cv_2711,110E,,Line,""
cv_2712,110F,,Line,""
cv_2713,1110,,Line,""
cv_2714,1111,,Line,""
cv_2715,1112,,Line,""
cv_2716,1113,,Line,""
cv_2717,1114,,Line,""
cv_2718,1115,,Line,""
cv_2719,1117,,Line,""
cv_2720,1118,,Line,""
cv_2721,1119,,Line,""
cv_2722,111A,,Line,""
cv_2723,111B,,Line,""
cv_2724,111C,,Line,""
cv_2725,111D,,Line,""
cv_2726,111E,,Line,""
cv_2727,111F,,Line,""
cv_2728,1120,,Line,""
cv_2729,1121,,Line,""
cv_2730,1122,,Line,""
cv_2731,1124,,Line,""
cv_2732,1125,,Line,""
cv_2733,1126,,Line,""
cv_2734,1127,,Line,""
cv_2735,1128,,Line,""
cv_2736,1129,,Line,""
cv_2737,112A,,Line,""
cv_2738,112B,,Line,""
cv_2739,112C,,Line,""
cv_2740,112D,,Line,""
cv_2741,112E,,Line,""
cv_2742,112F,,Line,""
cv_2743,1130,,Line,""
cv_2744,1131,,Line,""
cv_2745,1136,,Line,""
cv_2746,1138,,Line,""
cv_2747,1139,,Line,""
cv_2748,113A,,Line,""
cv_2749,113B,,Line,""
cv_2750,113D,,Line,""
cv_2751,113E,,Line,""
cv_2752,113F,,Line,""
cv_2753,1142,,Line,""
cv_2754,1143,,Line,""
cv_2755,1144,,Line,""
cv_2756,1145,,Line,""
cv_2757,1146,,Line,""
cv_2758,1147,,Line,""
cv_2759,1148,,Line,""
cv_2760,1149,,Line,""
cv_2761,114D,,Line,""
cv_2762,114E,,Line,""
cv_2763,114F,,Line,""
cv_2764,1150,,Line,""
cv_2765,1151,,Line,""
cv_2766,1152,,Line,""
cv_2767,1153,,Line,""
cv_2768,1154,,Line,""
cv_2769,1155,,Line,""
cv_2770,1156,,Line,""
cv_2771,1157,,Line,""
cv_2772,1158,,Line,""
cv_2773,1159,,Line,""
cv_2774,115A,,Line,""
cv_2775,115B,,Line,""
cv_2776,115C,,Line,""
cv_2777,115D,,Line,""
cv_2778,115E,,Line,""
cv_2779,115F,,Line,""
cv_2780,1160,,Line,""
cv_2781,1161,,Line,""
cv_2782,1162,,Line,""
cv_2783,1163,,Line,""
cv_2784,1164,,Line,""
cv_2785,1165,,Line,""
cv_2786,1166,,Line,""
cv_2787,1167,,Line,""
cv_2788,1168,,Line,""
cv_2789,1169,,Line,""
cv_2790,116A,,Line,""
cv_2791,116B,,Line,""
cv_2792,116E,,Line,""
cv_2793,116F,,Line,""
cv_2794,1170,,Line,""
cv_2795,1171,,Line,""
cv_2796,1172,,Line,""
cv_2797,1174,,Line,""
cv_2798,1175,,Line,""
cv_2799,1176,,Line,""
cv_2800,118D,,Line,""
cv_2801,118E,,Line,""
cv_2802,118F,,Line,""
cv_2803,1190,,Line,""
cv_2804,1191,,Line,""
cv_2805,1192,,Line,""
cv_2806,1193,,Line,""
cv_2807,1194,,Line,""
cv_2808,1195,,Line,""
cv_2809,1196,,Line,""
cv_2810,1197,,Line,""
cv_2811,1198,,Line,""
cv_2812,1199,,Line,""
cv_2813,119A,,Line,""
cv_2814,119B,,Line,""
cv_2815,119C,,Line,""
cv_2816,119D,,Line,""
cv_2817,119E,,Line,""
cv_2818,119F,,Line,""
cv_2819,11A0,,Line,""
cv_2820,11A4,,Line,""
cv_2821,11A6,,Line,""
cv_2822,11A7,,Line,""
cv_2823,11BF,,Line,""
cv_2824,11C0,,Line,""
cv_2825,11DD,,Line,""
cv_2826,11DF,,Line,""
cv_2827,11E0,,Line,""
cv_2828,11E1,,Line,""
cv_2829,11E2,,Line,""
cv_2830,11E3,,Line,""
cv_2831,11E4,,Line,""
cv_2832,11E5,,Line,""
cv_2833,11E6,,Line,""
cv_2834,11E7,,Line,""
cv_2835,11E8,,Line,""
cv_2836,11E9,,Line,""
cv_2837,11EA,,Line,""
cv_2838,11EB,,Line,""
cv_2839,11EC,,Line,""
cv_2840,11ED,,Line,""
cv_2841,11F0,,Line,""
cv_2842,11F1,,Line,""
cv_2843,11F2,,Line,""
cv_2844,11F3,,Line,""
cv_2845,11F4,,Line,""
cv_2846,11F5,,Line,""
cv_2847,11F6,,Line,""
cv_2848,11F7,,Line,""
cv_2849,11F8,,Line,""
cv_2850,11F9,,Line,""
cv_2851,11FA,,Line,""
cv_2852,11FB,,Line,""
cv_2853,11FC,,Line,""
cv_2854,120D,,Line,""
cv_2855,120E,,Line,""
cv_2856,120F,,Line,""
cv_2857,1210,,Line,""
cv_2858,1211,,Line,""
cv_2859,1212,,Line,""
cv_2860,1213,,Line,""
cv_2861,1214,,Line,""
cv_2862,1215,,Line,""
cv_2863,1216,,Line,""
cv_2864,1217,,Line,""
cv_2865,1218,,Line,""
cv_2866,1219,,Line,""
cv_2867,121A,,Line,""
cv_2868,121B,,Line,""
cv_2869,121C,,Line,""
cv_2870,121E,,Line,""
cv_2871,121F,,Line,""
cv_2872,1220,,Line,""
cv_2873,1221,,Line,""
cv_2874,1222,,Line,""
cv_2875,1223,,Line,""
cv_2876,1224,,Line,""
cv_2877,1225,,Line,""
cv_2878,1226,,Line,""
cv_2879,1227,,Line,""
cv_2880,1228,,Line,""
cv_2881,1229,,Line,""
cv_2882,122A,,Line,""
cv_2883,122B,,Line,""
cv_2884,122C,,Line,""
cv_2885,122D,,Line,""
cv_2886,122E,,Line,""
cv_2887,122F,,Line,""
cv_2888,1230,,Line,""
cv_2889,1231,,Line,""
cv_2890,1232,,Line,""
cv_2891,1233,,Line,""
cv_2892,1234,,Line,""
cv_2893,1235,,Line,""
cv_2894,1236,,Line,""
cv_2895,1237,,Line,""
cv_2896,1238,,Line,""
cv_2897,1239,,Line,""
cv_2898,123A,,Line,""
cv_2899,123B,,Line,""
cv_2900,123C,,Line,""
cv_2901,123D,,Line,""
cv_2902,123E,,Line,""
cv_2903,123F,,Line,""
cv_2904,1240,,Line,""
cv_2905,1244,,Line,""
cv_2906,1245,,Line,""
cv_2907,1247,,Line,""
cv_2908,1248,,Line,""
cv_2909,1249,,Line,""
cv_2910,124A,,Line,""
cv_2911,124B,,Line,""
cv_2912,124C,,Line,""
cv_2913,124D,,Line,""
cv_2914,124E,,Line,""
cv_2915,124F,,Line,""
cv_2916,1250,,Line,""
cv_2917,1251,,Line,""
cv_2918,1252,,Line,""
cv_2919,1253,,Line,""
cv_2920,1254,,Line,""
cv_2921,129A,,Line,""
cv_2922,12C7,,Line,""
cv_2923,12C8,,Line,""
cv_2924,12C9,,Line,""
cv_2925,12CA,,Line,""
cv_2926,12CB,,Line,""
cv_2927,12FD,,Line,""
cv_2928,130E,,Line,""
cv_2929,1317,,Line,""
cv_2930,1318,,Line,""
cv_2931,1319,,Line,""
cv_2932,131A,,Line,""
cv_2933,131B,,Line,""
cv_2934,131C,,Line,""
cv_2935,131D,,Line,""
cv_2936,131E,,Line,""
cv_2937,131F,,Line,""
cv_2938,1320,,Line,""
cv_2939,1321,,Line,""
cv_2940,1322,,Line,""
cv_2941,1323,,Line,""
cv_2942,1324,,Line,""
cv_2943,1325,,Line,""
cv_2944,1326,,Line,""
cv_2945,1327,,Line,""
cv_2946,1328,,Line,""
cv_2947,1329,,Line,""
cv_2948,132A,,Line,""
cv_2949,132B,,Line,""
cv_2950,1330,,Line,""
cv_2951,1331,,Line,""
cv_2952,1337,,Line,""
cv_2953,1338,,Line,""
cv_2954,1339,,Line,""
cv_2955,133A,,Line,""
cv_2956,133B,,Line,""
cv_2957,133C,,Line,""
cv_2958,133D,,Line,""
cv_2959,133E,,Line,""
cv_2960,133F,,Line,""
cv_2961,1340,,Line,""
cv_2962,1341,,Line,""
cv_2963,1342,,Line,""
cv_2964,1343,,Line,""
cv_2965,1344,,Line,""
cv_2966,1345,,Line,""
cv_2967,1346,,Line,""
cv_2968,1347,,Line,""
cv_2969,1348,,Line,""
cv_2970,1349,,Line,""
cv_2971,134A,,Line,""
cv_2972,134C,,Line,""
cv_2973,134E,,Line,""
cv_2974,134F,,Line,""
cv_2975,1350,,Line,""
cv_2976,1351,,Line,""
cv_2977,1352,,Line,""
cv_2978,1355,,Line,""
cv_2979,1356,,Line,""
cv_2980,1357,,Line,""
cv_2981,1358,,Line,""
cv_2982,1359,,Line,""
cv_2983,135A,,Line,""
cv_2984,135B,,Line,""
cv_2985,135C,,Line,""
cv_2986,135D,,Line,""
cv_2987,135E,,Line,""
cv_2988,135F,,Line,""
cv_2989,1360,,Line,""
cv_2990,1361,,Line,""
cv_2991,1362,,Line,""
cv_2992,1363,,Line,""
cv_2993,1364,,Line,""
cv_2994,1365,,Line,""
cv_2995,1366,,Line,""
cv_2996,1367,,Line,""
cv_2997,1368,,Line,""
cv_2998,1369,,Line,""
cv_2999,136A,,Line,""
cv_3000,136B,,Line,""
cv_3001,136C,,Line,""
cv_3002,136D,,Line,""
cv_3003,136E,,Line,""
cv_3004,136F,,Line,""
cv_3005,1370,,Line,""
cv_3006,1371,,Line,""
cv_3007,1372,,Line,""
cv_3008,1373,,Line,""
cv_3009,1374,,Line,""
cv_3010,1375,,Line,""
cv_3011,1376,,Line,""
cv_3012,1377,,Line,""
cv_3013,1378,,Line,""
cv_3014,1379,,Line,""
cv_3015,137A,,Line,""
cv_3016,137B,,Line,""
cv_3017,137C,,Line,""
cv_3018,1381,,Line,""
cv_3019,1382,,Line,""
cv_3020,1384,,Line,""
cv_3021,1385,,Line,""
cv_3022,1386,,Line,""
cv_3023,1387,,Line,""
cv_3024,1388,,Line,""
cv_3025,1389,,Line,""
cv_3026,138A,,Line,""
cv_3027,138B,,Line,""
cv_3028,138C,,Line,""
cv_3029,138D,,Line,""
cv_3030,138E,,Line,""
cv_3031,138F,,Line,""
cv_3032,1390,,Line,""
cv_3033,1391,,Line,""
cv_3034,1392,,Line,""
cv_3035,1393,,Line,""
cv_3036,1394,,Line,""
cv_3037,1395,,Line,""
cv_3038,1396,,Line,""
cv_3039,1397,,Line,""
cv_3040,1398,,Line,""
cv_3041,1399,,Line,""
cv_3042,139A,,Line,""
cv_3043,139B,,Line,""
cv_3044,139C,,Line,""
cv_3045,139D,,Line,""
cv_3046,139E,,Line,""
cv_3047,139F,,Line,""
cv_3048,13A0,,Line,""
cv_3049,13A1,,Line,""
cv_3050,13A2,,Line,""
cv_3051,13A3,,Line,""
cv_3052,13A4,,Line,""
cv_3053,13A5,,Line,""
cv_3054,13A6,,Line,""
cv_3055,13A7,,Line,""
cv_3056,13A8,,Line,""
cv_3057,13A9,,Line,""
cv_3058,13AA,,Line,""
cv_3059,13AB,,Line,""
cv_3060,13AC,,Line,""
cv_3061,13AD,,Line,""
cv_3062,13AE,,Line,""
cv_3063,13AF,,Line,""
cv_3064,13B0,,Line,""
cv_3065,13B1,,Line,""
cv_3066,13B2,,Line,""
cv_3067,13B3,,Line,""
cv_3068,13B4,,Line,""
cv_3069,13B5,,Line,""
cv_3070,13B6,,Line,""
cv_3071,13B7,,Line,""
cv_3072,13B8,,Line,""
cv_3073,13B9,,Line,""
cv_3074,13BA,,Line,""
cv_3075,13BB,,Line,""
cv_3076,13BC,,Line,""
cv_3077,13BD,,Line,""
cv_3078,13BE,,Line,""
cv_3079,13C4,,Line,""
cv_3080,13C5,,Line,""
cv_3081,13C8,,Line,""
cv_3082,13C9,,Line,""
cv_3083,13D1,,Line,""
cv_3084,13D2,,Line,""
cv_3085,13D3,,Line,""
cv_3086,13D4,,Line,""
cv_3087,13D5,,Line,""
cv_3088,13D6,,Line,""
cv_3089,13D7,,Line,""
cv_3090,13D8,,Line,""
cv_3091,13D9,,Line,""
cv_3092,13DA,,Line,""
cv_3093,13DB,,Line,""
cv_3094,13DC,,Line,""
cv_3095,13DD,,Line,""
cv_3096,13DE,,Line,""
cv_3097,13DF,,Line,""
cv_3098,13E0,,Line,""
cv_3099,13E1,,Line,""
cv_3100,13E3,,Line,""
cv_3101,13E4,,Line,""
cv_3102,13E8,,Line,""
cv_3103,13E9,,Line,""
cv_3104,13EA,,Line,""
cv_3105,13EB,,Line,""
cv_3106,13EC,,Line,""
cv_3107,13ED,,Line,""
cv_3108,13EE,,Line,""
cv_3109,13EF,,Line,""
cv_3110,13F0,,Line,""
cv_3111,13F1,,Line,""
cv_3112,13F2,,Line,""
cv_3113,13F3,,Line,""
cv_3114,13F4,,Line,""
cv_3115,13F5,,Line,""
cv_3116,13F6,,Line,""
cv_3117,13F7,,Line,""
cv_3118,13F8,,Line,""
cv_3119,13F9,,Line,""
cv_3120,13FA,,Line,""
cv_3121,13FB,,Line,""
cv_3122,13FC,,Line,""
cv_3123,13FD,,Line,""
cv_3124,13FE,,Line,""
cv_3125,13FF,,Line,""
cv_3126,1400,,Line,""
cv_3127,1401,,Line,""
cv_3128,1402,,Line,""
cv_3129,1403,,Line,""
cv_3130,1404,,Line,""
cv_3131,1405,,Line,""
cv_3132,1406,,Line,""
cv_3133,1407,,Line,""
cv_3134,1408,,Line,""
cv_3135,1409,,Line,""
cv_3136,140A,,Line,""
cv_3137,140B,,Line,""
cv_3138,140C,,Line,""
cv_3139,140D,,Line,""
cv_3140,140E,,Line,""
cv_3141,140F,,Line,""
cv_3142,1410,,Line,""
cv_3143,1411,,Line,""
cv_3144,1412,,Line,""
cv_3145,1413,,Line,""
cv_3146,1414,,Line,""
cv_3147,1415,,Line,""
cv_3148,1416,,Line,""
cv_3149,1417,,Line,""
cv_3150,1418,,Line,""
cv_3151,1419,,Line,""
cv_3152,141A,,Line,""
cv_3153,141B,,Line,""
cv_3154,141C,,Line,""
cv_3155,141D,,Line,""
cv_3156,141E,,Line,""
cv_3157,141F,,Line,""
cv_3158,1426,,Line,""
cv_3159,1427,,Line,""
cv_3160,142B,,Line,""
cv_3161,142C,,Line,""
cv_3162,142D,,Line,""
cv_3163,142E,,Line,""
cv_3164,142F,,Line,""
cv_3165,1430,,Line,""
cv_3166,1431,,Line,""
cv_3167,1435,,Line,""
cv_3168,1436,,Line,""
cv_3169,1437,,Line,""
cv_3170,1438,,Line,""
cv_3171,1439,,Line,""
cv_3172,143A,,Line,""
cv_3173,143B,,Line,""
cv_3174,143C,,Line,""
cv_3175,143D,,Line,""
cv_3176,143E,,Line,""
cv_3177,143F,,Line,""
cv_3178,1440,,Line,""
cv_3179,1443,,Line,""
cv_3180,1444,,Line,""
cv_3181,1446,,Line,""
cv_3182,1447,,Line,""
cv_3183,1448,,Line,""
cv_3184,1449,,Line,""
cv_3185,144A,,Line,""
cv_3186,144B,,Line,""
cv_3187,144C,,Line,""
cv_3188,144D,,Line,""
cv_3189,144E,,Line,""
cv_3190,144F,,Line,""
cv_3191,1450,,Line,""
cv_3192,1454,,Line,""
cv_3193,1456,,Line,""
cv_3194,1457,,Line,""
cv_3195,1458,,Line,""
cv_3196,1459,,Line,""
cv_3197,145C,,Line,""
cv_3198,145E,,Line,""
cv_3199,1460,,Line,""
cv_3200,1461,,Line,""
cv_3201,1462,,Line,""
cv_3202,146E,,Line,""
cv_3203,146F,,Line,""
cv_3204,1471,,Line,""
cv_3205,1473,,Line,""
cv_3206,1474,,Line,""
cv_3207,1475,,Line,""
cv_3208,1478,,Line,""
cv_3209,1479,,Line,""
cv_3210,147A,,Line,""
cv_3211,147B,,Line,""
cv_3212,147C,,Line,""
cv_3213,147D,,Line,""
cv_3214,147E,,Line,""
cv_3215,147F,,Line,""
cv_3216,1480,,Line,""
cv_3217,1486,,Line,""
cv_3218,1487,,Line,""
cv_3219,1488,,Line,""
cv_3220,148A,,Line,""
cv_3221,148B,,Line,""
cv_3222,148D,,Line,""
cv_3223,148E,,Line,""
cv_3224,1492,,Line,""
cv_3225,1493,,Line,""
cv_3226,1494,,Line,""
cv_3227,1495,,Line,""
cv_3228,14B3,,Line,""
cv_3229,14D3,,Line,""
cv_3230,14D4,,Line,""
cv_3231,14D5,,Line,""
cv_3232,14D6,,Line,""
cv_3233,14D7,,Line,""
cv_3234,14EF,,Line,""
cv_3235,14F1,,Line,""
cv_3236,14F2,,Line,""
cv_3237,14F3,,Line,""
cv_3238,14F4,,Line,""
cv_3239,14F5,,Line,""
cv_3240,14F6,,Line,""
cv_3241,14F7,,Line,""
cv_3242,14F8,,Line,""
cv_3243,14F9,,Line,""
cv_3244,14FA,,Line,""
cv_3245,14FB,,Line,""
cv_3246,14FC,,Line,""
cv_3247,14FD,,Line,""
cv_3248,14FE,,Line,""
cv_3249,14FF,,Line,""
cv_3250,1500,,Line,""
cv_3251,1501,,Line,""
cv_3252,1502,,Line,""
cv_3253,1503,,Line,""
cv_3254,1504,,Line,""
cv_3255,1505,,Line,""
cv_3256,1506,,Line,""
cv_3257,1507,,Line,""
cv_3258,1508,,Line,""
cv_3259,1509,,Line,""
cv_3260,150A,,Line,""
cv_3261,150B,,Line,""
cv_3262,150C,,Line,""
cv_3263,150D,,Line,""
cv_3264,150E,,Line,""
cv_3265,150F,,Line,""
cv_3266,1510,,Line,""
cv_3267,1511,,Line,""
cv_3268,1515,,Line,""
cv_3269,1517,,Line,""
cv_3270,1518,,Line,""
cv_3271,1519,,Line,""
cv_3272,151A,,Line,""
cv_3273,151B,,Line,""
cv_3274,151C,,Line,""
cv_3275,151D,,Line,""
cv_3276,151E,,Line,""
cv_3277,151F,,Line,""
cv_3278,1520,,Line,""
cv_3279,1521,,Line,""
cv_3280,1523,,Line,""
cv_3281,1524,,Line,""
cv_3282,1525,,Line,""
cv_3283,1526,,Line,""
cv_3284,1527,,Line,""
cv_3285,1528,,Line,""
cv_3286,1529,,Line,""
cv_3287,1544,,Line,""
cv_3288,1545,,Line,""
cv_3289,156D,,Line,""
cv_3290,156F,,Line,""
cv_3291,1584,,Line,""
cv_3292,1585,,Line,""
cv_3293,1587,,Line,""
cv_3294,158A,,Line,""
cv_3295,15CC,,Line,""
cv_3296,15CD,,Line,""
cv_3297,15CE,,Line,""
cv_3298,15CF,,Line,""
cv_3299,15D0,,Line,""
cv_3300,15E2,,Line,""
cv_3301,15E3,,Line,""
cv_3302,15E4,,Line,""
cv_3303,15E5,,Line,""
cv_3304,15E6,,Line,""
cv_3305,15E7,,Line,""
cv_3306,15E8,,Line,""
cv_3307,15E9,,Line,""
cv_3308,15EA,,Line,""
cv_3309,15EB,,Line,""
cv_3310,15EC,,Line,""
cv_3311,15ED,,Line,""
cv_3312,164D,,Line,""
cv_3313,164E,,Line,""
cv_3314,1655,,Line,""
cv_3315,1656,,Line,""
cv_3316,1658,,Line,""
cv_3317,1659,,Line,""
cv_3318,165A,,Line,""
cv_3319,165B,,Line,""
cv_3320,165C,,Line,""
cv_3321,165D,,Line,""
cv_3322,165E,,Line,""
cv_3323,165F,,Line,""
cv_3324,1660,,Line,""
cv_3325,1661,,Line,""
cv_3326,1662,,Line,""
cv_3327,1663,,Line,""
cv_3328,1664,,Line,""
cv_3329,1665,,Line,""
cv_3330,166A,,Line,""
cv_3331,166C,,Line,""
cv_3332,166D,,Line,""
cv_3333,166E,,Line,""
cv_3334,166F,,Line,""
cv_3335,1670,,Line,""
cv_3336,1671,,Line,""
cv_3337,1672,,Line,""
cv_3338,1673,,Line,""
cv_3339,1674,,Line,""
cv_3340,1675,,Line,""
cv_3341,1676,,Line,""
cv_3342,1677,,Line,""
cv_3343,1678,,Line,""
cv_3344,1679,,Line,""
cv_3345,167A,,Line,""
cv_3346,167B,,Line,""
cv_3347,167C,,Line,""
cv_3348,167D,,Line,""
cv_3349,167E,,Line,""
cv_3350,167F,,Line,""
cv_3351,1680,,Line,""
cv_3352,1681,,Line,""
cv_3353,1682,,Line,""
cv_3354,1683,,Line,""
cv_3355,1684,,Line,""
cv_3356,1685,,Line,""
cv_3357,1686,,Line,""
cv_3358,1687,,Line,""
cv_3359,1688,,Line,""
cv_3360,1689,,Line,""
cv_3361,168A,,Line,""
cv_3362,168B,,Line,""
cv_3363,168D,,Line,""
cv_3364,168E,,Line,""
cv_3365,168F,,Line,""
cv_3366,1690,,Line,""
cv_3367,1691,,Line,""
cv_3368,1692,,Line,""
cv_3369,1693,,Line,""
cv_3370,1694,,Line,""
cv_3371,1695,,Line,""
cv_3372,1696,,Line,""
cv_3373,1697,,Line,""
cv_3374,1698,,Line,""
cv_3375,1699,,Line,""
cv_3376,169A,,Line,""
cv_3377,169B,,Line,""
cv_3378,169C,,Line,""
cv_3379,169D,,Line,""
cv_3380,169E,,Line,""
cv_3381,169F,,Line,""
cv_3382,16A0,,Line,""
cv_3383,16A1,,Line,""
cv_3384,16A2,,Line,""
cv_3385,16A3,,Line,""
cv_3386,16A4,,Line,""
cv_3387,16AC,,Line,""
cv_3388,16AD,,Line,""
cv_3389,16B0,,Line,""
cv_3390,16B8,,Line,""
cv_3391,16B9,,Line,""
cv_3392,16E7,,Line,""
cv_3393,16E8,,Line,""
cv_3394,16E9,,Line,""
cv_3395,16F4,,Line,""
cv_3396,16F9,,Line,""
cv_3397,16FA,,Line,""
cv_3398,16FB,,Line,""
cv_3399,16FC,,Line,""
cv_3400,16FD,,Line,""
cv_3401,16FE,,Line,""
cv_3402,16FF,,Line,""
cv_3403,1700,,Line,""
cv_3404,1701,,Line,""
cv_3405,1702,,Line,""
cv_3406,1703,,Line,""
cv_3407,1704,,Line,""
cv_3408,1705,,Line,""
cv_3409,1706,,Line,""
cv_3410,1707,,Line,""
cv_3411,1708,,Line,""
cv_3412,1709,,Line,""
cv_3413,170B,,Line,""
cv_3414,170C,,Line,""
cv_3415,170D,,Line,""
cv_3416,170E,,Line,""
cv_3417,170F,,Line,""
cv_3418,1710,,Line,""
cv_3419,1711,,Line,""
cv_3420,1712,,Line,""
cv_3421,1713,,Line,""
cv_3422,1714,,Line,""
cv_3423,1717,,Line,""
cv_3424,1718,,Line,""
cv_3425,1719,,Line,""
cv_3426,171A,,Line,""
cv_3427,171B,,Line,""
cv_3428,171C,,Line,""
cv_3429,171E,,Line,""
cv_3430,171F,,Line,""
cv_3431,1720,,Line,""
cv_3432,1721,,Line,""
cv_3433,1722,,Line,""
cv_3434,1723,,Line,""
cv_3435,1724,,Line,""
cv_3436,1725,,Line,""
cv_3437,1726,,Line,""
cv_3438,1727,,Line,""
cv_3439,1728,,Line,""
cv_3440,1729,,Line,""
cv_3441,172A,,Line,""
cv_3442,172B,,Line,""
cv_3443,172C,,Line,""
cv_3444,172D,,Line,""
cv_3445,172E,,Line,""
cv_3446,172F,,Line,""
cv_3447,1730,,Line,""
cv_3448,1731,,Line,""
cv_3449,1732,,Line,""
cv_3450,1733,,Line,""
cv_3451,1734,,Line,""
cv_3452,1735,,Line,""
cv_3453,173A,,Line,""
cv_3454,173B,,Line,""
cv_3455,173C,,Line,""
cv_3456,1742,,Line,""
cv_3457,1743,,Line,""
cv_3458,1744,,Line,""
cv_3459,1745,,Line,""
cv_3460,1746,,Line,""
cv_3461,1747,,Line,""
cv_3462,1748,,Line,""
cv_3463,1749,,Line,""
cv_3464,174A,,Line,""
cv_3465,174B,,Line,""
cv_3466,174C,,Line,""
cv_3467,174D,,Line,""
cv_3468,1752,,Line,""
cv_3469,1753,,Line,""
cv_3470,1754,,Line,""
cv_3471,1755,,Line,""
cv_3472,1756,,Line,""
cv_3473,1757,,Line,""
cv_3474,1758,,Line,""
cv_3475,1759,,Line,""
cv_3476,175A,,Line,""
cv_3477,175B,,Line,""
cv_3478,175C,,Line,""
cv_3479,175D,,Line,""
cv_3480,175E,,Line,""
cv_3481,1762,,Line,""
cv_3482,1764,,Line,""
cv_3483,1767,,Line,""
cv_3484,1768,,Line,""
cv_3485,1769,,Line,""
cv_3486,176A,,Line,""
cv_3487,176B,,Line,""
cv_3488,176D,,Line,""
cv_3489,1773,,Line,""
cv_3490,177A,,Line,""
cv_3491,177F,,Line,""
cv_3492,1780,,Line,""
cv_3493,1781,,Line,""
cv_3494,1782,,Line,""
cv_3495,1783,,Line,""
cv_3496,1784,,Line,""
cv_3497,1785,,Line,""
cv_3498,1786,,Line,""
cv_3499,1787,,Line,""
cv_3500,1788,,Line,""
cv_3501,1789,,Line,""
cv_3502,178A,,Line,""
cv_3503,178B,,Line,""
cv_3504,178C,,Line,""
cv_3505,178D,,Line,""
cv_3506,178E,,Line,""
cv_3507,178F,,Line,""
cv_3508,1790,,Line,""
cv_3509,1791,,Line,""
cv_3510,1792,,Line,""
cv_3511,1799,,Line,""
cv_3512,179A,,Line,""
cv_3513,179B,,Line,""
cv_3514,179C,,Line,""
cv_3515,17C2,,Line,""
cv_3516,17C3,,Line,""
cv_3517,17C6,,Line,""
cv_3518,17CA,,Line,""
cv_3519,17CC,,Line,""
cv_3520,17CD,,Line,""
cv_3521,17CF,,Line,""
cv_3522,17D1,,Line,""
cv_3523,17D2,,Line,""
cv_3524,17D3,,Line,""
cv_3525,17D4,,Line,""
cv_3526,17D5,,Line,""
cv_3527,17D6,,Line,""
cv_3528,17D7,,Line,""
cv_3529,17D8,,Line,""
cv_3530,17D9,,Line,""
cv_3531,17DA,,Line,""
cv_3532,17DB,,Line,""
cv_3533,17DC,,Line,""
cv_3534,17DF,,Line,""
cv_3535,17E0,,Line,""
cv_3536,17E1,,Line,""
cv_3537,17E2,,Line,""
cv_3538,17E3,,Line,""
cv_3539,17E4,,Line,""
cv_3540,17E5,,Line,""
cv_3541,17E6,,Line,""
cv_3542,17E7,,Line,""
cv_3543,17E8,,Line,""
cv_3544,17EA,,Line,""
cv_3545,17EB,,Line,""
cv_3546,17EC,,Line,""
cv_3547,17ED,,Line,""
cv_3548,17EE,,Line,""
cv_3549,17EF,,Line,""
cv_3550,17F0,,Line,""
cv_3551,17F1,,Line,""
cv_3552,17F2,,Line,""
cv_3553,17F3,,Line,""
cv_3554,17F4,,Line,""
cv_3555,17F5,,Line,""
cv_3556,17F6,,Line,""
cv_3557,17F7,,Line,""
cv_3558,17FA,,Line,""
cv_3559,17FB,,Line,""
cv_3560,17FC,,Line,""
cv_3561,1803,,Line,""
cv_3562,1804,,Line,""
cv_3563,1805,,Line,""
cv_3564,1806,,Line,""
cv_3565,181A,,Line,""
cv_3566,181B,,Line,""
cv_3567,181C,,Line,""
cv_3568,181D,,Line,""
cv_3569,181E,,Line,""
cv_3570,181F,,Line,""
cv_3571,1820,,Line,""
cv_3572,1821,,Line,""
cv_3573,1822,,Line,""
cv_3574,1823,,Line,""
cv_3575,1824,,Line,""
cv_3576,1825,,Line,""
cv_3577,1859,,Line,""
cv_3578,185A,,Line,""
cv_3579,1868,,Line,""
cv_3580,186C,,Line,""
cv_3581,186D,,Line,""
cv_3582,186F,,Line,""
cv_3583,1870,,Line,""
cv_3584,1871,,Line,""
cv_3585,1876,,Line,""
cv_3586,1877,,Line,""
cv_3587,1878,,Line,""
cv_3588,1879,,Line,""
cv_3589,187A,,Line,""
cv_3590,187B,,Line,""
cv_3591,187D,,Line,""
cv_3592,187E,,Line,""
cv_3593,187F,,Line,""
cv_3594,1880,,Line,""
cv_3595,1881,,Line,""
cv_3596,1882,,Line,""
cv_3597,1883,,Line,""
cv_3598,1884,,Line,""
cv_3599,1885,,Line,""
cv_3600,1886,,Line,""
cv_3601,1887,,Line,""
cv_3602,1888,,Line,""
cv_3603,1889,,Line,""
cv_3604,188C,,Line,""
cv_3605,188D,,Line,""
cv_3606,188E,,Line,""
cv_3607,188F,,Line,""
cv_3608,1890,,Line,""
cv_3609,1891,,Line,""
cv_3610,1892,,Line,""
cv_3611,1893,,Line,""
cv_3612,1894,,Line,""
cv_3613,1895,,Line,""
cv_3614,1896,,Line,""
cv_3615,1897,,Line,""
cv_3616,1898,,Line,""
cv_3617,1899,,Line,""
cv_3618,189A,,Line,""
cv_3619,189B,,Line,""
cv_3620,189C,,Line,""
cv_3621,189D,,Line,""
cv_3622,189E,,Line,""
cv_3623,18A0,,Line,""
cv_3624,18A1,,Line,""
cv_3625,18A2,,Line,""
cv_3626,18A3,,Line,""
cv_3627,18A4,,Line,""
cv_3628,18A5,,Line,""
cv_3629,18A6,,Line,""
cv_3630,18A7,,Line,""
cv_3631,18A8,,Line,""
cv_3632,18A9,,Line,""
cv_3633,18AA,,Line,""
cv_3634,18AB,,Line,""
cv_3635,18AC,,Line,""
cv_3636,18AD,,Line,""
cv_3637,18B3,,Line,""
cv_3638,18B5,,Line,""
cv_3639,18B8,,Line,""
cv_3640,18B9,,Line,""
cv_3641,18BA,,Line,""
cv_3642,18BB,,Line,""
cv_3643,18BC,,Line,""
cv_3644,18BD,,Line,""
cv_3645,18BE,,Line,""
cv_3646,18BF,,Line,""
cv_3647,18C0,,Line,""
cv_3648,18C1,,Line,""
cv_3649,18C2,,Line,""
cv_3650,18C3,,Line,""
cv_3651,18C4,,Line,""
cv_3652,18C5,,Line,""
cv_3653,18C6,,Line,""
cv_3654,18C7,,Line,""
cv_3655,18C8,,Line,""
cv_3656,18C9,,Line,""
cv_3657,18CA,,Line,""
cv_3658,18CB,,Line,""
cv_3659,18CC,,Line,""
cv_3660,18CD,,Line,""
cv_3661,18CE,,Line,""
cv_3662,18CF,,Line,""
cv_3663,18D0,,Line,""
cv_3664,18D1,,Line,""
cv_3665,18D2,,Line,""
cv_3666,18D3,,Line,""
cv_3667,18D4,,Line,""
cv_3668,18D5,,Line,""
cv_3669,18D6,,Line,""
cv_3670,18D7,,Line,""
cv_3671,18D8,,Line,""
cv_3672,18D9,,Line,""
cv_3673,18DA,,Line,""
cv_3674,18DB,,Line,""
cv_3675,18DC,,Line,""
cv_3676,18DD,,Line,""
cv_3677,18DE,,Line,""
cv_3678,18DF,,Line,""
cv_3679,18E0,,Line,""
cv_3680,18E1,,Line,""
cv_3681,18E2,,Line,""
cv_3682,18E3,,Line,""
cv_3683,18E4,,Line,""
cv_3684,18E5,,Line,""
cv_3685,18E6,,Line,""
cv_3686,18E7,,Line,""
cv_3687,18E8,,Line,""
cv_3688,18E9,,Line,""
cv_3689,18EA,,Line,""
cv_3690,18EB,,Line,""
cv_3691,18EC,,Line,""
cv_3692,18ED,,Line,""
cv_3693,18EE,,Line,""
cv_3694,18EF,,Line,""
cv_3695,18F0,,Line,""
cv_3696,18F1,,Line,""
cv_3697,18F2,,Line,""
cv_3698,18F3,,Line,""
cv_3699,18F4,,Line,""
cv_3700,197A,,Line,""
cv_3701,197B,,Line,""
cv_3702,1980,,Line,""
cv_3703,1995,,Line,""
cv_3704,1996,,Line,""
cv_3705,1997,,Line,""
cv_3706,1998,,Line,""
cv_3707,1999,,Line,""
cv_3708,199A,,Line,""
cv_3709,199B,,Line,""
cv_3710,199C,,Line,""
cv_3711,199D,,Line,""
cv_3712,199E,,Line,""
cv_3713,19A1,,Line,""
cv_3714,19A2,,Line,""
cv_3715,19A3,,Line,""
cv_3716,19A4,,Line,""
cv_3717,19A5,,Line,""
cv_3718,19A6,,Line,""
cv_3719,19A7,,Line,""
cv_3720,19A8,,Line,""
cv_3721,19A9,,Line,""
cv_3722,19AA,,Line,""
cv_3723,19AB,,Line,""
cv_3724,19AC,,Line,""
cv_3725,19AD,,Line,""
cv_3726,19AE,,Line,""
cv_3727,19AF,,Line,""
cv_3728,19B0,,Line,""
cv_3729,19B1,,Line,""
cv_3730,19B2,,Line,""
cv_3731,19B3,,Line,""
cv_3732,19B4,,Line,""
cv_3733,19B5,,Line,""
cv_3734,19B6,,Line,""
cv_3735,19B7,,Line,""
cv_3736,19B8,,Line,""
cv_3737,19B9,,Line,""
cv_3738,19BA,,Line,""
cv_3739,19BB,,Line,""
cv_3740,19BC,,Line,""
cv_3741,19BD,,Line,""
cv_3742,19BE,,Line,""
cv_3743,19BF,,Line,""
cv_3744,19C0,,Line,""
cv_3745,19C1,,Line,""
cv_3746,19C4,,Line,""
cv_3747,19C5,,Line,""
cv_3748,19C6,,Line,""
cv_3749,19C7,,Line,""
cv_3750,19C8,,Line,""
cv_3751,19CA,,Line,""
cv_3752,19CB,,Line,""
cv_3753,19CC,,Line,""
cv_3754,19CD,,Line,""
cv_3755,19CE,,Line,""
cv_3759,159C,,Polyline,""
cv_3760,16B2,,Polyline,""
cv_3761,D4F,,Polyline,""
cv_3762,D74,,Polyline,""
cv_3763,D9B,,Polyline,""
cv_3764,D9F,,Polyline,""
cv_3765,DAC,,Text,""
cv_3766,DAE,,Text,""
cv_3767,DE4,,Polyline,""
cv_3768,DEB,,Polyline,""
cv_3769,DF4,,Polyline,""
cv_3770,E81,,Polyline,""
cv_3771,E84,,Polyline,""
cv_3772,E8A,,Polyline,""
cv_3773,FAD,,Polyline,""
cv_3774,FAE,,Polyline,""
cv_3775,FAF,,Polyline,""
cv_3776,FB0,,Polyline,""
cv_3777,FB1,,Polyline,""
cv_3778,1179,,Polyline,""
cv_3779,11BB,,Polyline,""
cv_3780,12BF,,Polyline,""
cv_3781,13BF,,Polyline,""
cv_3782,14BC,,Polyline,""
cv_3783,14CC,,Polyline,""
cv_3784,14D2,,Polyline,""
cv_3785,153F,,Polyline,""
cv_3786,159C,,Polyline,""
cv_3787,16B2,,Polyline,""
cv_3788,1737,,Polyline,""
cv_3789,1979,,Polyline,""
cv_3790,197D,,Polyline,""
cv_3791,1992,,Polyline,""
cv_3792,16B3,,Polyline,""
cv_3793,DAC,,Text,""
cv_3794,DAC,,Text,""
cv_3795,DAC,,Text,""
cv_3796,DAC,,Text,""
cv_3797,E80,,Line,""
cv_3798,E83,,Line,""
cv_3799,FA5,,Line,""
cv_3800,1178,,Line,""
cv_3801,14A6,,Line,""
cv_3802,14D1,,Line,""
cv_3803,14D8,,Polyline,""
cv_3804,1513,,Polyline,""
cv_3805,155D,,Polyline,""
cv_3806,16B3,,Polyline,""
cv_3807,173E,,Polyline,""
cv_3808,1993,,Polyline,""
cv_3809,19E1,,Polyline,""
cv_3810,19E1,,Polyline,""
cv_3811,159B,,Text,""
cv_3812,1612,,Text,""
cv_3813,FD8,,Text,""
cv_3814,FD9,,Text,""
cv_3815,FDA,,Text,""
cv_3816,13E6,,Text,""
cv_3817,190E,,Text,""
cv_3818,190F,,Text,""
cv_3819,FDE,,Text,""
cv_3820,1383,,Text,""
cv_3821,13CA,,Text,""
cv_3822,14C8,,Text,""
cv_3823,14CB,,Text,""
cv_3824,14DF,,Text,""
cv_3825,1535,,Text,""
cv_3826,159B,,Text,""
cv_3827,1612,,Text,""
cv_3828,19F4,,Text,""
cv_3832,159E,,Text,""
cv_3833,1963,,Polyline,""
cv_3834,159E,,Text,""
cv_3835,159E,,Text,""
cv_3836,159E,,Text,""
cv_3837,159E,,Text,""
cv_3838,159E,,Text,""
cv_3839,159E,,Text,""
cv_3840,159E,,Text,""
cv_3841,D72,,Line,""
cv_3842,D75,,Line,""
cv_3843,DA3,,Line,""
cv_3844,DA9,,Line,""
cv_3845,DB4,,Line,""
cv_3846,DBB,,Line,""
cv_3847,1027,,Line,""
cv_3848,121D,,Line,""
cv_3849,14C9,,Polyline,""
cv_3850,14D9,,Line,""
cv_3851,14DB,,Line,""
cv_3852,14DE,,Line,""
cv_3853,1550,,Line,""
cv_3854,1972,,Line,""
cv_3855,183E,,Text,""
cv_3856,D94,,Text,""
cv_3857,DE6,,Text,""
cv_3858,E28,,Text,""
cv_3859,E64,,Text,""
cv_3860,F10,,Text,""
cv_3861,1241,,Text,""
cv_3862,1242,,Text,""
cv_3863,14AC,,Text,""
cv_3864,14AE,,Text,""
cv_3865,19D8,,Text,""
cv_3866,19D9,,Text,""
cv_3867,DE8,,Text,""
cv_3868,DED,,Text,""
cv_3869,DEE,,Text,""
cv_3870,DEF,,Text,""
cv_3871,E7F,,Text,""
cv_3872,E82,,Text,""
cv_3873,1177,,Text,""
cv_3874,117A,,Text,""
cv_3875,117B,,Text,""
cv_3876,117C,,Text,""
cv_3877,117D,,Text,""
cv_3878,13C0,,Text,""
cv_3879,13C1,,Text,""
cv_3880,13C2,,Text,""
cv_3881,14AA,,Text,""
cv_3882,14B7,,Text,""
cv_3883,14CE,,Text,""
cv_3884,14CF,,Text,""
cv_3885,14D0,,Text,""
cv_3886,1583,,Text,""
cv_3887,159E,,Text,""
cv_3888,1985,,Text,""
cv_3889,1987,,Text,""
cv_3890,DFA,,Text,""
cv_3891,191D,,Text,""
cv_3892,191E,,Text,""
cv_3893,F1A,,Text,""
cv_3894,F21,,Text,""
cv_3895,FE7,,Text,""
cv_3896,1283,,Text,""
cv_3897,15C5,,Text,""
cv_3898,1968,,Text,""
cv_3899,1016,,Text,""
cv_3900,1282,,Text,""
cv_3901,1314,,Text,""
cv_3902,15C4,,Text,""
cv_3903,1967,,Text,""
cv_3904,198A,,Text,""
cv_3905,10F3,,Text,""
cv_3906,10F6,,Text,""
cv_3907,1133,,Text,""
cv_3908,13C6,,Text,""
cv_3909,13E2,,Text,""
cv_3910,154B,,Text,""
cv_3911,185B,,Text,""
cv_3912,12FF,,Text,""
cv_3913,1546,,Text,""
cv_3914,183E,,Text,""
cv_3915,1928,,Text,""
cv_3918,17BF,,Text,""
cv_3919,17BF,,Text,""
cv_3923,19FF,,Polyline,""
cv_3924,1A01,,Polyline,""
cv_3925,19F9,,Region,""
cv_3926,19F9,,Region,""
cv_3927,19F9,,Region,""
cv_3928,19F9,,Region,""
cv_3929,19F9,,Region,""
cv_3930,19FD,,Region,""
cv_3931,19FD,,Region,""
cv_3932,19FD,,Region,""
cv_3933,1A04,,Line,""
cv_3934,1A05,,Line,""
cv_3935,1A06,,Line,""
cv_3936,1A07,,Line,""
cv_3937,1A08,,Line,""
cv_3938,1A09,,Line,""
cv_3939,1A0A,,Line,""
cv_3940,1A0B,,Line,""
cv_3941,19F9,,Region,""
cv_3942,19FD,,Region,""
cv_3943,19FA,,Circle,""
cv_3944,1A03,,MText,""
cv_3945,1A03,,MText,""
cv_3946,1A03,,MText,""
cv_3947,1A0C,,MText,""
cv_3951,66,DA8,Solid,"North_20_Arrow_11"
cv_3952,66,DA8,Solid,"North_20_Arrow_11"
cv_3953,67,DA8,Solid,"North_20_Arrow_11"
cv_3954,67,DA8,Solid,"North_20_Arrow_11"
cv_3955,68,DA8,Solid,"North_20_Arrow_11"
cv_3956,68,DA8,Solid,"North_20_Arrow_11"
cv_3957,69,DA8,Solid,"North_20_Arrow_11"
cv_3958,69,DA8,Solid,"North_20_Arrow_11"
cv_3959,6A,DA8,Solid,"North_20_Arrow_11"
cv_3960,6A,DA8,Solid,"North_20_Arrow_11"
cv_3961,6B,DA8,Solid,"North_20_Arrow_11"
cv_3962,6B,DA8,Solid,"North_20_Arrow_11"
cv_3963,6C,DA8,Solid,"North_20_Arrow_11"
cv_3964,6C,DA8,Solid,"North_20_Arrow_11"
cv_3965,6D,DA8,Solid,"North_20_Arrow_11"
cv_3966,6D,DA8,Solid,"North_20_Arrow_11"
cv_3968,6E,DA8,Polyline,"North_20_Arrow_11"
cv_3969,6F,DA8,Polyline,"North_20_Arrow_11"
cv_3970,70,DA8,Polyline,"North_20_Arrow_11"
cv_3971,71,DA8,Polyline,"North_20_Arrow_11"
cv_3972,72,DA8,Polyline,"North_20_Arrow_11"
cv_3973,73,DA8,Polyline,"North_20_Arrow_11"
cv_3974,74,DA8,Polyline,"North_20_Arrow_11"
cv_3975,75,DA8,Polyline,"North_20_Arrow_11"
cv_3976,76,DA8,Polyline,"North_20_Arrow_11"
cv_3977,7A,DA8,Polyline,"North_20_Arrow_11"
cv_3978,7D,DA8,Polyline,"North_20_Arrow_11"
cv_3979,7E,DA8,Polyline,"North_20_Arrow_11"
cv_3980,77,DA8,Polyline,"North_20_Arrow_11"
cv_3981,78,DA8,Polyline,"North_20_Arrow_11"
cv_3982,7B,DA8,Line,"North_20_Arrow_11"
cv_3983,7C,DA8,Line,"North_20_Arrow_11"
cv_3984,7F,DA8,Polyline,"North_20_Arrow_11"
cv_3985,80,DA8,Polyline,"North_20_Arrow_11"
cv_3986,81,DA8,Circle,"North_20_Arrow_11"
cv_3987,82,DA8,Circle,"North_20_Arrow_11"
cv_3988,79,DA8,Text,"North_20_Arrow_11"
